GHO (CODE),GHO (DISPLAY),GHO (URL),YEAR (DISPLAY),STARTYEAR,ENDYEAR,REGION (CODE),REGION (DISPLAY),COUNTRY (CODE),COUNTRY (DISPLAY),DIMENSION (TYPE),DIMENSION (CODE),DIMENSION (NAME),Numeric,Value,Low,High
#indicator+code,#indicator+name,#indicator+url,#date+year,#date+year+start,#date+year+end,#region+code,#region+name,#country+code,#country+name,#dimension+type,#dimension+code,#dimension+name,#indicator+value+num,#indicator+value,#indicator+value+low,#indicator+value+high
GHED_CHE_pc_US_SHA2011,Current health expenditure (CHE) per capita in US$,https://www.who.int/data/gho/data/indicators/indicator-details/GHO/current-health-expenditure-%28che%29-per-capita-in-us-dollar,2006,2006,2006,EMR,Eastern Mediterranean,SDN,Sudan,,,,57.64,57.64,,
GHED_GGHE-DGGE_SHA2011,Domestic general government health expenditure (GGHE-D) as percentage of general government expenditure (GGE) (%),https://www.who.int/data/gho/data/indicators/indicator-details/GHO/domestic-general-government-health-expenditure-%28gghe-d%29-as-percentage-of-general-government-expenditure-%28gge%29,2006,2006,2006,EMR,Eastern Mediterranean,SDN,Sudan,,,,9.44,9.44,,
GHED_GGHE-DGDP_SHA2011,Domestic general government health expenditure (GGHE-D) as percentage of gross domestic product (GDP) (%),https://www.who.int/data/gho/data/indicators/indicator-details/GHO/domestic-general-government-health-expenditure-%28gghe-d%29-as-percentage-of-gross-domestic-product-%28gdp%29-%28-%29,2014,2014,2014,EMR,Eastern Mediterranean,SDN,Sudan,,,,1.43,1.43,,
GHED_EXT_pc_US_SHA2011,External health expenditure (EXT) per capita in US$,https://www.who.int/data/gho/data/indicators/indicator-details/GHO/external-health-expenditure-%28ext%29-per-capita-in-us,2015,2015,2015,EMR,Eastern Mediterranean,SDN,Sudan,,,,1.99,1.99,,
GHED_GGHE-DCHE_SHA2011,Domestic general government health expenditure (GGHE-D) as percentage of current health expenditure (CHE) (%),https://www.who.int/data/gho/data/indicators/indicator-details/GHO/domestic-general-government-health-expenditure-%28gche-d%29-as-percentage-of-current-health-expenditure,2015,2015,2015,EMR,Eastern Mediterranean,SDN,Sudan,,,,14.19,14.19,,
GHED_GGHE-D_pc_US_SHA2011,Domestic general government health expenditure (GGHE-D) per capita in US$,https://www.who.int/data/gho/data/indicators/indicator-details/GHO/domestic-general-government-health-expenditure-%28gghe-d%29-per-capita-in-us,2005,2005,2005,EMR,Eastern Mediterranean,SDN,Sudan,,,,15.13,15.13,,
GHED_EXT_pc_US_SHA2011,External health expenditure (EXT) per capita in US$,https://www.who.int/data/gho/data/indicators/indicator-details/GHO/external-health-expenditure-%28ext%29-per-capita-in-us,2014,2014,2014,EMR,Eastern Mediterranean,SDN,Sudan,,,,3.44,3.44,,
GHED_CHE_pc_US_SHA2011,Current health expenditure (CHE) per capita in US$,https://www.who.int/data/gho/data/indicators/indicator-details/GHO/current-health-expenditure-%28che%29-per-capita-in-us-dollar,2003,2003,2003,EMR,Eastern Mediterranean,SDN,Sudan,,,,23.62,23.62,,
GHED_GGHE-D_pc_US_SHA2011,Domestic general government health expenditure (GGHE-D) per capita in US$,https://www.who.int/data/gho/data/indicators/indicator-details/GHO/domestic-general-government-health-expenditure-%28gghe-d%29-per-capita-in-us,2004,2004,2004,EMR,Eastern Mediterranean,SDN,Sudan,,,,11.6,11.60,,
GHED_CHE_pc_US_SHA2011,Current health expenditure (CHE) per capita in US$,https://www.who.int/data/gho/data/indicators/indicator-details/GHO/current-health-expenditure-%28che%29-per-capita-in-us-dollar,2009,2009,2009,EMR,Eastern Mediterranean,SDN,Sudan,,,,83.11,83.11,,
GHED_EXT_pc_US_SHA2011,External health expenditure (EXT) per capita in US$,https://www.who.int/data/gho/data/indicators/indicator-details/GHO/external-health-expenditure-%28ext%29-per-capita-in-us,2011,2011,2011,EMR,Eastern Mediterranean,SDN,Sudan,,,,6.62,6.62,,
GHED_EXTCHE_SHA2011,External health expenditure (EXT) as percentage of current health expenditure (CHE) (%),https://www.who.int/data/gho/data/indicators/indicator-details/GHO/external-health-expenditure-%28ext%29-as-percentage-of-current-health-expenditure-%28che%29-%28-%29,2008,2008,2008,EMR,Eastern Mediterranean,SDN,Sudan,,,,2.48,2.48,,
GHED_PVT-DCHE_SHA2011,Domestic private health expenditure (PVT-D) as percentage of current health expenditure (CHE) (%),https://www.who.int/data/gho/data/indicators/indicator-details/GHO/domestic-private-health-expenditure-%28pvt-d%29-as-percentage-of-current-health-expenditure-%28che%29-%28-%29,2011,2011,2011,EMR,Eastern Mediterranean,SDN,Sudan,,,,69.24,69.24,,
GHED_GGHE-DCHE_SHA2011,Domestic general government health expenditure (GGHE-D) as percentage of current health expenditure (CHE) (%),https://www.who.int/data/gho/data/indicators/indicator-details/GHO/domestic-general-government-health-expenditure-%28gche-d%29-as-percentage-of-current-health-expenditure,2005,2005,2005,EMR,Eastern Mediterranean,SDN,Sudan,,,,39.07,39.07,,
GHED_PVT-D_pc_US_SHA2011,Domestic private health expenditure (PVT-D) per capita in US$,https://www.who.int/data/gho/data/indicators/indicator-details/GHO/domestic-private-health-expenditure-%28pvt-d%29-per-capita-in-usd,2006,2006,2006,EMR,Eastern Mediterranean,SDN,Sudan,,,,34.06,34.06,,
GHED_OOP_pc_US_SHA2011,Out-of-pocket expenditure (OOP) per capita in US$,https://www.who.int/data/gho/data/indicators/indicator-details/GHO/out-of-pocket-expenditure-%28oop%29-per-capita-in-us,2003,2003,2003,EMR,Eastern Mediterranean,SDN,Sudan,,,,14.78,14.78,,
GHED_GGHE-DGGE_SHA2011,Domestic general government health expenditure (GGHE-D) as percentage of general government expenditure (GGE) (%),https://www.who.int/data/gho/data/indicators/indicator-details/GHO/domestic-general-government-health-expenditure-%28gghe-d%29-as-percentage-of-general-government-expenditure-%28gge%29,2018,2018,2018,EMR,Eastern Mediterranean,SDN,Sudan,,,,6.17,6.17,,
GHED_GGHE-DGGE_SHA2011,Domestic general government health expenditure (GGHE-D) as percentage of general government expenditure (GGE) (%),https://www.who.int/data/gho/data/indicators/indicator-details/GHO/domestic-general-government-health-expenditure-%28gghe-d%29-as-percentage-of-general-government-expenditure-%28gge%29,2015,2015,2015,EMR,Eastern Mediterranean,SDN,Sudan,,,,6.66,6.66,,
GHED_CHEGDP_SHA2011,Current health expenditure (CHE) as percentage of gross domestic product (GDP) (%),https://www.who.int/data/gho/data/indicators/indicator-details/GHO/current-health-expenditure-%28che%29-as-percentage-of-gross-domestic-product-%28gdp%29-%28-%29,2001,2001,2001,EMR,Eastern Mediterranean,SDN,Sudan,,,,3.36,3.36,,
GHED_OOPSCHE_SHA2011,Out-of-pocket expenditure as percentage of current health expenditure (CHE) (%),https://www.who.int/data/gho/data/indicators/indicator-details/GHO/out-of-pocket-expenditure-as-percentage-of-current-health-expenditure-%28che%29-%28-%29,2006,2006,2006,EMR,Eastern Mediterranean,SDN,Sudan,,,,55.79,55.79,,
GHED_EXT_pc_US_SHA2011,External health expenditure (EXT) per capita in US$,https://www.who.int/data/gho/data/indicators/indicator-details/GHO/external-health-expenditure-%28ext%29-per-capita-in-us,2009,2009,2009,EMR,Eastern Mediterranean,SDN,Sudan,,,,3.04,3.04,,
GHED_OOPSCHE_SHA2011,Out-of-pocket expenditure as percentage of current health expenditure (CHE) (%),https://www.who.int/data/gho/data/indicators/indicator-details/GHO/out-of-pocket-expenditure-as-percentage-of-current-health-expenditure-%28che%29-%28-%29,2009,2009,2009,EMR,Eastern Mediterranean,SDN,Sudan,,,,52.48,52.48,,
GHED_GGHE-DCHE_SHA2011,Domestic general government health expenditure (GGHE-D) as percentage of current health expenditure (CHE) (%),https://www.who.int/data/gho/data/indicators/indicator-details/GHO/domestic-general-government-health-expenditure-%28gche-d%29-as-percentage-of-current-health-expenditure,2003,2003,2003,EMR,Eastern Mediterranean,SDN,Sudan,,,,32.46,32.46,,
GHED_GGHE-DGDP_SHA2011,Domestic general government health expenditure (GGHE-D) as percentage of gross domestic product (GDP) (%),https://www.who.int/data/gho/data/indicators/indicator-details/GHO/domestic-general-government-health-expenditure-%28gghe-d%29-as-percentage-of-gross-domestic-product-%28gdp%29-%28-%29,2008,2008,2008,EMR,Eastern Mediterranean,SDN,Sudan,,,,1.73,1.73,,
GHED_CHEGDP_SHA2011,Current health expenditure (CHE) as percentage of gross domestic product (GDP) (%),https://www.who.int/data/gho/data/indicators/indicator-details/GHO/current-health-expenditure-%28che%29-as-percentage-of-gross-domestic-product-%28gdp%29-%28-%29,2018,2018,2018,EMR,Eastern Mediterranean,SDN,Sudan,,,,4.46,4.46,,
GHED_EXTCHE_SHA2011,External health expenditure (EXT) as percentage of current health expenditure (CHE) (%),https://www.who.int/data/gho/data/indicators/indicator-details/GHO/external-health-expenditure-%28ext%29-as-percentage-of-current-health-expenditure-%28che%29-%28-%29,2021,2021,2021,EMR,Eastern Mediterranean,SDN,Sudan,,,,10.41,10.41,,
GHED_OOP_pc_US_SHA2011,Out-of-pocket expenditure (OOP) per capita in US$,https://www.who.int/data/gho/data/indicators/indicator-details/GHO/out-of-pocket-expenditure-%28oop%29-per-capita-in-us,2019,2019,2019,EMR,Eastern Mediterranean,SDN,Sudan,,,,23.93,23.93,,
GHED_PVT-DCHE_SHA2011,Domestic private health expenditure (PVT-D) as percentage of current health expenditure (CHE) (%),https://www.who.int/data/gho/data/indicators/indicator-details/GHO/domestic-private-health-expenditure-%28pvt-d%29-as-percentage-of-current-health-expenditure-%28che%29-%28-%29,2005,2005,2005,EMR,Eastern Mediterranean,SDN,Sudan,,,,58.25,58.25,,
GHED_PVT-DCHE_SHA2011,Domestic private health expenditure (PVT-D) as percentage of current health expenditure (CHE) (%),https://www.who.int/data/gho/data/indicators/indicator-details/GHO/domestic-private-health-expenditure-%28pvt-d%29-as-percentage-of-current-health-expenditure-%28che%29-%28-%29,2001,2001,2001,EMR,Eastern Mediterranean,SDN,Sudan,,,,66.67,66.67,,
GHED_OOP_pc_US_SHA2011,Out-of-pocket expenditure (OOP) per capita in US$,https://www.who.int/data/gho/data/indicators/indicator-details/GHO/out-of-pocket-expenditure-%28oop%29-per-capita-in-us,2006,2006,2006,EMR,Eastern Mediterranean,SDN,Sudan,,,,32.16,32.16,,
GHED_GGHE-D_pc_US_SHA2011,Domestic general government health expenditure (GGHE-D) per capita in US$,https://www.who.int/data/gho/data/indicators/indicator-details/GHO/domestic-general-government-health-expenditure-%28gghe-d%29-per-capita-in-us,2018,2018,2018,EMR,Eastern Mediterranean,SDN,Sudan,,,,8.27,8.27,,
GHED_CHE_pc_US_SHA2011,Current health expenditure (CHE) per capita in US$,https://www.who.int/data/gho/data/indicators/indicator-details/GHO/current-health-expenditure-%28che%29-per-capita-in-us-dollar,2013,2013,2013,EMR,Eastern Mediterranean,SDN,Sudan,,,,102.36,102.36,,
GHED_GGHE-DGDP_SHA2011,Domestic general government health expenditure (GGHE-D) as percentage of gross domestic product (GDP) (%),https://www.who.int/data/gho/data/indicators/indicator-details/GHO/domestic-general-government-health-expenditure-%28gghe-d%29-as-percentage-of-gross-domestic-product-%28gdp%29-%28-%29,2004,2004,2004,EMR,Eastern Mediterranean,SDN,Sudan,,,,1.57,1.57,,
GHED_GGHE-DCHE_SHA2011,Domestic general government health expenditure (GGHE-D) as percentage of current health expenditure (CHE) (%),https://www.who.int/data/gho/data/indicators/indicator-details/GHO/domestic-general-government-health-expenditure-%28gche-d%29-as-percentage-of-current-health-expenditure,2012,2012,2012,EMR,Eastern Mediterranean,SDN,Sudan,,,,26.25,26.25,,
GHED_GGHE-DCHE_SHA2011,Domestic general government health expenditure (GGHE-D) as percentage of current health expenditure (CHE) (%),https://www.who.int/data/gho/data/indicators/indicator-details/GHO/domestic-general-government-health-expenditure-%28gche-d%29-as-percentage-of-current-health-expenditure,2014,2014,2014,EMR,Eastern Mediterranean,SDN,Sudan,,,,25.27,25.27,,
GHED_PVT-DCHE_SHA2011,Domestic private health expenditure (PVT-D) as percentage of current health expenditure (CHE) (%),https://www.who.int/data/gho/data/indicators/indicator-details/GHO/domestic-private-health-expenditure-%28pvt-d%29-as-percentage-of-current-health-expenditure-%28che%29-%28-%29,2016,2016,2016,EMR,Eastern Mediterranean,SDN,Sudan,,,,75.35,75.35,,
GHED_CHE_pc_US_SHA2011,Current health expenditure (CHE) per capita in US$,https://www.who.int/data/gho/data/indicators/indicator-details/GHO/current-health-expenditure-%28che%29-per-capita-in-us-dollar,2017,2017,2017,EMR,Eastern Mediterranean,SDN,Sudan,,,,71.14,71.14,,
GHED_OOP_pc_US_SHA2011,Out-of-pocket expenditure (OOP) per capita in US$,https://www.who.int/data/gho/data/indicators/indicator-details/GHO/out-of-pocket-expenditure-%28oop%29-per-capita-in-us,2004,2004,2004,EMR,Eastern Mediterranean,SDN,Sudan,,,,17.52,17.52,,
GHED_GGHE-DGGE_SHA2011,Domestic general government health expenditure (GGHE-D) as percentage of general government expenditure (GGE) (%),https://www.who.int/data/gho/data/indicators/indicator-details/GHO/domestic-general-government-health-expenditure-%28gghe-d%29-as-percentage-of-general-government-expenditure-%28gge%29,2005,2005,2005,EMR,Eastern Mediterranean,SDN,Sudan,,,,8.1,8.10,,
GHED_PVT-D_pc_US_SHA2011,Domestic private health expenditure (PVT-D) per capita in US$,https://www.who.int/data/gho/data/indicators/indicator-details/GHO/domestic-private-health-expenditure-%28pvt-d%29-per-capita-in-usd,2005,2005,2005,EMR,Eastern Mediterranean,SDN,Sudan,,,,22.55,22.55,,
GHED_GGHE-D_pc_US_SHA2011,Domestic general government health expenditure (GGHE-D) per capita in US$,https://www.who.int/data/gho/data/indicators/indicator-details/GHO/domestic-general-government-health-expenditure-%28gghe-d%29-per-capita-in-us,2013,2013,2013,EMR,Eastern Mediterranean,SDN,Sudan,,,,16.93,16.93,,
GHED_PVT-DCHE_SHA2011,Domestic private health expenditure (PVT-D) as percentage of current health expenditure (CHE) (%),https://www.who.int/data/gho/data/indicators/indicator-details/GHO/domestic-private-health-expenditure-%28pvt-d%29-as-percentage-of-current-health-expenditure-%28che%29-%28-%29,2013,2013,2013,EMR,Eastern Mediterranean,SDN,Sudan,,,,78.45,78.45,,
GHED_GGHE-DCHE_SHA2011,Domestic general government health expenditure (GGHE-D) as percentage of current health expenditure (CHE) (%),https://www.who.int/data/gho/data/indicators/indicator-details/GHO/domestic-general-government-health-expenditure-%28gche-d%29-as-percentage-of-current-health-expenditure,2010,2010,2010,EMR,Eastern Mediterranean,SDN,Sudan,,,,32.55,32.55,,
GHED_PVT-D_pc_US_SHA2011,Domestic private health expenditure (PVT-D) per capita in US$,https://www.who.int/data/gho/data/indicators/indicator-details/GHO/domestic-private-health-expenditure-%28pvt-d%29-per-capita-in-usd,2018,2018,2018,EMR,Eastern Mediterranean,SDN,Sudan,,,,24.98,24.98,,
GHED_EXTCHE_SHA2011,External health expenditure (EXT) as percentage of current health expenditure (CHE) (%),https://www.who.int/data/gho/data/indicators/indicator-details/GHO/external-health-expenditure-%28ext%29-as-percentage-of-current-health-expenditure-%28che%29-%28-%29,2018,2018,2018,EMR,Eastern Mediterranean,SDN,Sudan,,,,6.41,6.41,,
GHED_PVT-D_pc_US_SHA2011,Domestic private health expenditure (PVT-D) per capita in US$,https://www.who.int/data/gho/data/indicators/indicator-details/GHO/domestic-private-health-expenditure-%28pvt-d%29-per-capita-in-usd,2002,2002,2002,EMR,Eastern Mediterranean,SDN,Sudan,,,,11.5,11.50,,
GHED_PVT-D_pc_US_SHA2011,Domestic private health expenditure (PVT-D) per capita in US$,https://www.who.int/data/gho/data/indicators/indicator-details/GHO/domestic-private-health-expenditure-%28pvt-d%29-per-capita-in-usd,2013,2013,2013,EMR,Eastern Mediterranean,SDN,Sudan,,,,80.3,80.30,,
GHED_PVT-DCHE_SHA2011,Domestic private health expenditure (PVT-D) as percentage of current health expenditure (CHE) (%),https://www.who.int/data/gho/data/indicators/indicator-details/GHO/domestic-private-health-expenditure-%28pvt-d%29-as-percentage-of-current-health-expenditure-%28che%29-%28-%29,2008,2008,2008,EMR,Eastern Mediterranean,SDN,Sudan,,,,65.59,65.59,,
GHED_OOP_pc_US_SHA2011,Out-of-pocket expenditure (OOP) per capita in US$,https://www.who.int/data/gho/data/indicators/indicator-details/GHO/out-of-pocket-expenditure-%28oop%29-per-capita-in-us,2017,2017,2017,EMR,Eastern Mediterranean,SDN,Sudan,,,,51.61,51.61,,
GHED_GGHE-D_pc_US_SHA2011,Domestic general government health expenditure (GGHE-D) per capita in US$,https://www.who.int/data/gho/data/indicators/indicator-details/GHO/domestic-general-government-health-expenditure-%28gghe-d%29-per-capita-in-us,2006,2006,2006,EMR,Eastern Mediterranean,SDN,Sudan,,,,20.97,20.97,,
GHED_OOP_pc_US_SHA2011,Out-of-pocket expenditure (OOP) per capita in US$,https://www.who.int/data/gho/data/indicators/indicator-details/GHO/out-of-pocket-expenditure-%28oop%29-per-capita-in-us,2016,2016,2016,EMR,Eastern Mediterranean,SDN,Sudan,,,,66.68,66.68,,
GHED_GGHE-DGGE_SHA2011,Domestic general government health expenditure (GGHE-D) as percentage of general government expenditure (GGE) (%),https://www.who.int/data/gho/data/indicators/indicator-details/GHO/domestic-general-government-health-expenditure-%28gghe-d%29-as-percentage-of-general-government-expenditure-%28gge%29,2002,2002,2002,EMR,Eastern Mediterranean,SDN,Sudan,,,,10.71,10.71,,
GHED_GGHE-DCHE_SHA2011,Domestic general government health expenditure (GGHE-D) as percentage of current health expenditure (CHE) (%),https://www.who.int/data/gho/data/indicators/indicator-details/GHO/domestic-general-government-health-expenditure-%28gche-d%29-as-percentage-of-current-health-expenditure,2000,2000,2000,EMR,Eastern Mediterranean,SDN,Sudan,,,,33.83,33.83,,
GHED_CHEGDP_SHA2011,Current health expenditure (CHE) as percentage of gross domestic product (GDP) (%),https://www.who.int/data/gho/data/indicators/indicator-details/GHO/current-health-expenditure-%28che%29-as-percentage-of-gross-domestic-product-%28gdp%29-%28-%29,2005,2005,2005,EMR,Eastern Mediterranean,SDN,Sudan,,,,4.09,4.09,,
GHED_EXTCHE_SHA2011,External health expenditure (EXT) as percentage of current health expenditure (CHE) (%),https://www.who.int/data/gho/data/indicators/indicator-details/GHO/external-health-expenditure-%28ext%29-as-percentage-of-current-health-expenditure-%28che%29-%28-%29,2002,2002,2002,EMR,Eastern Mediterranean,SDN,Sudan,,,,,,,
GHED_EXT_pc_US_SHA2011,External health expenditure (EXT) per capita in US$,https://www.who.int/data/gho/data/indicators/indicator-details/GHO/external-health-expenditure-%28ext%29-per-capita-in-us,2000,2000,2000,EMR,Eastern Mediterranean,SDN,Sudan,,,,,,,
GHED_GGHE-D_pc_US_SHA2011,Domestic general government health expenditure (GGHE-D) per capita in US$,https://www.who.int/data/gho/data/indicators/indicator-details/GHO/domestic-general-government-health-expenditure-%28gghe-d%29-per-capita-in-us,2009,2009,2009,EMR,Eastern Mediterranean,SDN,Sudan,,,,34.17,34.17,,
GHED_GGHE-D_pc_US_SHA2011,Domestic general government health expenditure (GGHE-D) per capita in US$,https://www.who.int/data/gho/data/indicators/indicator-details/GHO/domestic-general-government-health-expenditure-%28gghe-d%29-per-capita-in-us,2020,2020,2020,EMR,Eastern Mediterranean,SDN,Sudan,,,,7.98,7.98,,
GHED_CHEGDP_SHA2011,Current health expenditure (CHE) as percentage of gross domestic product (GDP) (%),https://www.who.int/data/gho/data/indicators/indicator-details/GHO/current-health-expenditure-%28che%29-as-percentage-of-gross-domestic-product-%28gdp%29-%28-%29,2002,2002,2002,EMR,Eastern Mediterranean,SDN,Sudan,,,,3.3,3.30,,
GHED_GGHE-DGDP_SHA2011,Domestic general government health expenditure (GGHE-D) as percentage of gross domestic product (GDP) (%),https://www.who.int/data/gho/data/indicators/indicator-details/GHO/domestic-general-government-health-expenditure-%28gghe-d%29-as-percentage-of-gross-domestic-product-%28gdp%29-%28-%29,2017,2017,2017,EMR,Eastern Mediterranean,SDN,Sudan,,,,1.07,1.07,,
GHED_GGHE-DGDP_SHA2011,Domestic general government health expenditure (GGHE-D) as percentage of gross domestic product (GDP) (%),https://www.who.int/data/gho/data/indicators/indicator-details/GHO/domestic-general-government-health-expenditure-%28gghe-d%29-as-percentage-of-gross-domestic-product-%28gdp%29-%28-%29,2016,2016,2016,EMR,Eastern Mediterranean,SDN,Sudan,,,,1.29,1.29,,
GHED_PVT-DCHE_SHA2011,Domestic private health expenditure (PVT-D) as percentage of current health expenditure (CHE) (%),https://www.who.int/data/gho/data/indicators/indicator-details/GHO/domestic-private-health-expenditure-%28pvt-d%29-as-percentage-of-current-health-expenditure-%28che%29-%28-%29,2012,2012,2012,EMR,Eastern Mediterranean,SDN,Sudan,,,,69.46,69.46,,
GHED_PVT-D_pc_US_SHA2011,Domestic private health expenditure (PVT-D) per capita in US$,https://www.who.int/data/gho/data/indicators/indicator-details/GHO/domestic-private-health-expenditure-%28pvt-d%29-per-capita-in-usd,2015,2015,2015,EMR,Eastern Mediterranean,SDN,Sudan,,,,82.32,82.32,,
GHED_PVT-DCHE_SHA2011,Domestic private health expenditure (PVT-D) as percentage of current health expenditure (CHE) (%),https://www.who.int/data/gho/data/indicators/indicator-details/GHO/domestic-private-health-expenditure-%28pvt-d%29-as-percentage-of-current-health-expenditure-%28che%29-%28-%29,2015,2015,2015,EMR,Eastern Mediterranean,SDN,Sudan,,,,83.79,83.79,,
GHED_PVT-D_pc_US_SHA2011,Domestic private health expenditure (PVT-D) per capita in US$,https://www.who.int/data/gho/data/indicators/indicator-details/GHO/domestic-private-health-expenditure-%28pvt-d%29-per-capita-in-usd,2010,2010,2010,EMR,Eastern Mediterranean,SDN,Sudan,,,,49.29,49.29,,
GHED_GGHE-DCHE_SHA2011,Domestic general government health expenditure (GGHE-D) as percentage of current health expenditure (CHE) (%),https://www.who.int/data/gho/data/indicators/indicator-details/GHO/domestic-general-government-health-expenditure-%28gche-d%29-as-percentage-of-current-health-expenditure,2016,2016,2016,EMR,Eastern Mediterranean,SDN,Sudan,,,,22.69,22.69,,
GHED_CHEGDP_SHA2011,Current health expenditure (CHE) as percentage of gross domestic product (GDP) (%),https://www.who.int/data/gho/data/indicators/indicator-details/GHO/current-health-expenditure-%28che%29-as-percentage-of-gross-domestic-product-%28gdp%29-%28-%29,2008,2008,2008,EMR,Eastern Mediterranean,SDN,Sudan,,,,5.42,5.42,,
GHED_EXTCHE_SHA2011,External health expenditure (EXT) as percentage of current health expenditure (CHE) (%),https://www.who.int/data/gho/data/indicators/indicator-details/GHO/external-health-expenditure-%28ext%29-as-percentage-of-current-health-expenditure-%28che%29-%28-%29,2012,2012,2012,EMR,Eastern Mediterranean,SDN,Sudan,,,,4.29,4.29,,
GHED_EXTCHE_SHA2011,External health expenditure (EXT) as percentage of current health expenditure (CHE) (%),https://www.who.int/data/gho/data/indicators/indicator-details/GHO/external-health-expenditure-%28ext%29-as-percentage-of-current-health-expenditure-%28che%29-%28-%29,2010,2010,2010,EMR,Eastern Mediterranean,SDN,Sudan,,,,3.02,3.02,,
GHED_PVT-D_pc_US_SHA2011,Domestic private health expenditure (PVT-D) per capita in US$,https://www.who.int/data/gho/data/indicators/indicator-details/GHO/domestic-private-health-expenditure-%28pvt-d%29-per-capita-in-usd,2001,2001,2001,EMR,Eastern Mediterranean,SDN,Sudan,,,,10.57,10.57,,
GHED_CHEGDP_SHA2011,Current health expenditure (CHE) as percentage of gross domestic product (GDP) (%),https://www.who.int/data/gho/data/indicators/indicator-details/GHO/current-health-expenditure-%28che%29-as-percentage-of-gross-domestic-product-%28gdp%29-%28-%29,2020,2020,2020,EMR,Eastern Mediterranean,SDN,Sudan,,,,3.02,3.02,,
GHED_OOPSCHE_SHA2011,Out-of-pocket expenditure as percentage of current health expenditure (CHE) (%),https://www.who.int/data/gho/data/indicators/indicator-details/GHO/out-of-pocket-expenditure-as-percentage-of-current-health-expenditure-%28che%29-%28-%29,2012,2012,2012,EMR,Eastern Mediterranean,SDN,Sudan,,,,65.45,65.45,,
GHED_CHEGDP_SHA2011,Current health expenditure (CHE) as percentage of gross domestic product (GDP) (%),https://www.who.int/data/gho/data/indicators/indicator-details/GHO/current-health-expenditure-%28che%29-as-percentage-of-gross-domestic-product-%28gdp%29-%28-%29,2014,2014,2014,EMR,Eastern Mediterranean,SDN,Sudan,,,,5.68,5.68,,
GHED_OOP_pc_US_SHA2011,Out-of-pocket expenditure (OOP) per capita in US$,https://www.who.int/data/gho/data/indicators/indicator-details/GHO/out-of-pocket-expenditure-%28oop%29-per-capita-in-us,2021,2021,2021,EMR,Eastern Mediterranean,SDN,Sudan,,,,12.27,12.27,,
GHED_OOPSCHE_SHA2011,Out-of-pocket expenditure as percentage of current health expenditure (CHE) (%),https://www.who.int/data/gho/data/indicators/indicator-details/GHO/out-of-pocket-expenditure-as-percentage-of-current-health-expenditure-%28che%29-%28-%29,2003,2003,2003,EMR,Eastern Mediterranean,SDN,Sudan,,,,62.56,62.56,,
GHED_PVT-D_pc_US_SHA2011,Domestic private health expenditure (PVT-D) per capita in US$,https://www.who.int/data/gho/data/indicators/indicator-details/GHO/domestic-private-health-expenditure-%28pvt-d%29-per-capita-in-usd,2008,2008,2008,EMR,Eastern Mediterranean,SDN,Sudan,,,,56.4,56.40,,
GHED_CHE_pc_US_SHA2011,Current health expenditure (CHE) per capita in US$,https://www.who.int/data/gho/data/indicators/indicator-details/GHO/current-health-expenditure-%28che%29-per-capita-in-us-dollar,2021,2021,2021,EMR,Eastern Mediterranean,SDN,Sudan,,,,21.58,21.58,,
GHED_EXTCHE_SHA2011,External health expenditure (EXT) as percentage of current health expenditure (CHE) (%),https://www.who.int/data/gho/data/indicators/indicator-details/GHO/external-health-expenditure-%28ext%29-as-percentage-of-current-health-expenditure-%28che%29-%28-%29,2017,2017,2017,EMR,Eastern Mediterranean,SDN,Sudan,,,,5.38,5.38,,
GHED_PVT-DCHE_SHA2011,Domestic private health expenditure (PVT-D) as percentage of current health expenditure (CHE) (%),https://www.who.int/data/gho/data/indicators/indicator-details/GHO/domestic-private-health-expenditure-%28pvt-d%29-as-percentage-of-current-health-expenditure-%28che%29-%28-%29,2014,2014,2014,EMR,Eastern Mediterranean,SDN,Sudan,,,,71.03,71.03,,
GHED_EXTCHE_SHA2011,External health expenditure (EXT) as percentage of current health expenditure (CHE) (%),https://www.who.int/data/gho/data/indicators/indicator-details/GHO/external-health-expenditure-%28ext%29-as-percentage-of-current-health-expenditure-%28che%29-%28-%29,2006,2006,2006,EMR,Eastern Mediterranean,SDN,Sudan,,,,4.54,4.54,,
GHED_EXT_pc_US_SHA2011,External health expenditure (EXT) per capita in US$,https://www.who.int/data/gho/data/indicators/indicator-details/GHO/external-health-expenditure-%28ext%29-per-capita-in-us,2004,2004,2004,EMR,Eastern Mediterranean,SDN,Sudan,,,,0.43,0.43,,
GHED_EXTCHE_SHA2011,External health expenditure (EXT) as percentage of current health expenditure (CHE) (%),https://www.who.int/data/gho/data/indicators/indicator-details/GHO/external-health-expenditure-%28ext%29-as-percentage-of-current-health-expenditure-%28che%29-%28-%29,2004,2004,2004,EMR,Eastern Mediterranean,SDN,Sudan,,,,1.4,1.40,,
GHED_EXTCHE_SHA2011,External health expenditure (EXT) as percentage of current health expenditure (CHE) (%),https://www.who.int/data/gho/data/indicators/indicator-details/GHO/external-health-expenditure-%28ext%29-as-percentage-of-current-health-expenditure-%28che%29-%28-%29,2009,2009,2009,EMR,Eastern Mediterranean,SDN,Sudan,,,,3.66,3.66,,
GHED_EXTCHE_SHA2011,External health expenditure (EXT) as percentage of current health expenditure (CHE) (%),https://www.who.int/data/gho/data/indicators/indicator-details/GHO/external-health-expenditure-%28ext%29-as-percentage-of-current-health-expenditure-%28che%29-%28-%29,2011,2011,2011,EMR,Eastern Mediterranean,SDN,Sudan,,,,7.92,7.92,,
GHED_EXT_pc_US_SHA2011,External health expenditure (EXT) per capita in US$,https://www.who.int/data/gho/data/indicators/indicator-details/GHO/external-health-expenditure-%28ext%29-per-capita-in-us,2010,2010,2010,EMR,Eastern Mediterranean,SDN,Sudan,,,,2.31,2.31,,
GHED_CHE_pc_US_SHA2011,Current health expenditure (CHE) per capita in US$,https://www.who.int/data/gho/data/indicators/indicator-details/GHO/current-health-expenditure-%28che%29-per-capita-in-us-dollar,2018,2018,2018,EMR,Eastern Mediterranean,SDN,Sudan,,,,35.53,35.53,,
GHED_GGHE-DGGE_SHA2011,Domestic general government health expenditure (GGHE-D) as percentage of general government expenditure (GGE) (%),https://www.who.int/data/gho/data/indicators/indicator-details/GHO/domestic-general-government-health-expenditure-%28gghe-d%29-as-percentage-of-general-government-expenditure-%28gge%29,2020,2020,2020,EMR,Eastern Mediterranean,SDN,Sudan,,,,9.59,9.59,,
GHED_GGHE-DGDP_SHA2011,Domestic general government health expenditure (GGHE-D) as percentage of gross domestic product (GDP) (%),https://www.who.int/data/gho/data/indicators/indicator-details/GHO/domestic-general-government-health-expenditure-%28gghe-d%29-as-percentage-of-gross-domestic-product-%28gdp%29-%28-%29,2021,2021,2021,EMR,Eastern Mediterranean,SDN,Sudan,,,,0.77,0.77,,
GHED_GGHE-DGDP_SHA2011,Domestic general government health expenditure (GGHE-D) as percentage of gross domestic product (GDP) (%),https://www.who.int/data/gho/data/indicators/indicator-details/GHO/domestic-general-government-health-expenditure-%28gghe-d%29-as-percentage-of-gross-domestic-product-%28gdp%29-%28-%29,2020,2020,2020,EMR,Eastern Mediterranean,SDN,Sudan,,,,1.03,1.03,,
GHED_CHEGDP_SHA2011,Current health expenditure (CHE) as percentage of gross domestic product (GDP) (%),https://www.who.int/data/gho/data/indicators/indicator-details/GHO/current-health-expenditure-%28che%29-as-percentage-of-gross-domestic-product-%28gdp%29-%28-%29,2015,2015,2015,EMR,Eastern Mediterranean,SDN,Sudan,,,,5.81,5.81,,
GHED_GGHE-DCHE_SHA2011,Domestic general government health expenditure (GGHE-D) as percentage of current health expenditure (CHE) (%),https://www.who.int/data/gho/data/indicators/indicator-details/GHO/domestic-general-government-health-expenditure-%28gche-d%29-as-percentage-of-current-health-expenditure,2006,2006,2006,EMR,Eastern Mediterranean,SDN,Sudan,,,,36.38,36.38,,
GHED_GGHE-D_pc_US_SHA2011,Domestic general government health expenditure (GGHE-D) per capita in US$,https://www.who.int/data/gho/data/indicators/indicator-details/GHO/domestic-general-government-health-expenditure-%28gghe-d%29-per-capita-in-us,2000,2000,2000,EMR,Eastern Mediterranean,SDN,Sudan,,,,4.94,4.94,,
GHED_PVT-D_pc_US_SHA2011,Domestic private health expenditure (PVT-D) per capita in US$,https://www.who.int/data/gho/data/indicators/indicator-details/GHO/domestic-private-health-expenditure-%28pvt-d%29-per-capita-in-usd,2019,2019,2019,EMR,Eastern Mediterranean,SDN,Sudan,,,,25.13,25.13,,
GHED_CHEGDP_SHA2011,Current health expenditure (CHE) as percentage of gross domestic product (GDP) (%),https://www.who.int/data/gho/data/indicators/indicator-details/GHO/current-health-expenditure-%28che%29-as-percentage-of-gross-domestic-product-%28gdp%29-%28-%29,2010,2010,2010,EMR,Eastern Mediterranean,SDN,Sudan,,,,5.06,5.06,,
GHED_CHEGDP_SHA2011,Current health expenditure (CHE) as percentage of gross domestic product (GDP) (%),https://www.who.int/data/gho/data/indicators/indicator-details/GHO/current-health-expenditure-%28che%29-as-percentage-of-gross-domestic-product-%28gdp%29-%28-%29,2017,2017,2017,EMR,Eastern Mediterranean,SDN,Sudan,,,,5.92,5.92,,
GHED_GGHE-DGGE_SHA2011,Domestic general government health expenditure (GGHE-D) as percentage of general government expenditure (GGE) (%),https://www.who.int/data/gho/data/indicators/indicator-details/GHO/domestic-general-government-health-expenditure-%28gghe-d%29-as-percentage-of-general-government-expenditure-%28gge%29,2008,2008,2008,EMR,Eastern Mediterranean,SDN,Sudan,,,,8.79,8.79,,
GHED_PVT-D_pc_US_SHA2011,Domestic private health expenditure (PVT-D) per capita in US$,https://www.who.int/data/gho/data/indicators/indicator-details/GHO/domestic-private-health-expenditure-%28pvt-d%29-per-capita-in-usd,2016,2016,2016,EMR,Eastern Mediterranean,SDN,Sudan,,,,70.58,70.58,,
GHED_CHE_pc_US_SHA2011,Current health expenditure (CHE) per capita in US$,https://www.who.int/data/gho/data/indicators/indicator-details/GHO/current-health-expenditure-%28che%29-per-capita-in-us-dollar,2000,2000,2000,EMR,Eastern Mediterranean,SDN,Sudan,,,,14.61,14.61,,
GHED_EXT_pc_US_SHA2011,External health expenditure (EXT) per capita in US$,https://www.who.int/data/gho/data/indicators/indicator-details/GHO/external-health-expenditure-%28ext%29-per-capita-in-us,2008,2008,2008,EMR,Eastern Mediterranean,SDN,Sudan,,,,2.13,2.13,,
GHED_PVT-DCHE_SHA2011,Domestic private health expenditure (PVT-D) as percentage of current health expenditure (CHE) (%),https://www.who.int/data/gho/data/indicators/indicator-details/GHO/domestic-private-health-expenditure-%28pvt-d%29-as-percentage-of-current-health-expenditure-%28che%29-%28-%29,2003,2003,2003,EMR,Eastern Mediterranean,SDN,Sudan,,,,66.06,66.06,,
GHED_GGHE-D_pc_US_SHA2011,Domestic general government health expenditure (GGHE-D) per capita in US$,https://www.who.int/data/gho/data/indicators/indicator-details/GHO/domestic-general-government-health-expenditure-%28gghe-d%29-per-capita-in-us,2014,2014,2014,EMR,Eastern Mediterranean,SDN,Sudan,,,,23.54,23.54,,
GHED_OOP_pc_US_SHA2011,Out-of-pocket expenditure (OOP) per capita in US$,https://www.who.int/data/gho/data/indicators/indicator-details/GHO/out-of-pocket-expenditure-%28oop%29-per-capita-in-us,2014,2014,2014,EMR,Eastern Mediterranean,SDN,Sudan,,,,62.44,62.44,,
GHED_EXT_pc_US_SHA2011,External health expenditure (EXT) per capita in US$,https://www.who.int/data/gho/data/indicators/indicator-details/GHO/external-health-expenditure-%28ext%29-per-capita-in-us,2020,2020,2020,EMR,Eastern Mediterranean,SDN,Sudan,,,,1.61,1.61,,
GHED_CHEGDP_SHA2011,Current health expenditure (CHE) as percentage of gross domestic product (GDP) (%),https://www.who.int/data/gho/data/indicators/indicator-details/GHO/current-health-expenditure-%28che%29-as-percentage-of-gross-domestic-product-%28gdp%29-%28-%29,2009,2009,2009,EMR,Eastern Mediterranean,SDN,Sudan,,,,6.39,6.39,,
GHED_GGHE-DCHE_SHA2011,Domestic general government health expenditure (GGHE-D) as percentage of current health expenditure (CHE) (%),https://www.who.int/data/gho/data/indicators/indicator-details/GHO/domestic-general-government-health-expenditure-%28gche-d%29-as-percentage-of-current-health-expenditure,2017,2017,2017,EMR,Eastern Mediterranean,SDN,Sudan,,,,18.02,18.02,,
GHED_EXT_pc_US_SHA2011,External health expenditure (EXT) per capita in US$,https://www.who.int/data/gho/data/indicators/indicator-details/GHO/external-health-expenditure-%28ext%29-per-capita-in-us,2019,2019,2019,EMR,Eastern Mediterranean,SDN,Sudan,,,,2.32,2.32,,
GHED_PVT-DCHE_SHA2011,Domestic private health expenditure (PVT-D) as percentage of current health expenditure (CHE) (%),https://www.who.int/data/gho/data/indicators/indicator-details/GHO/domestic-private-health-expenditure-%28pvt-d%29-as-percentage-of-current-health-expenditure-%28che%29-%28-%29,2004,2004,2004,EMR,Eastern Mediterranean,SDN,Sudan,,,,60.75,60.75,,
GHED_EXT_pc_US_SHA2011,External health expenditure (EXT) per capita in US$,https://www.who.int/data/gho/data/indicators/indicator-details/GHO/external-health-expenditure-%28ext%29-per-capita-in-us,2007,2007,2007,EMR,Eastern Mediterranean,SDN,Sudan,,,,2.28,2.28,,
GHED_EXTCHE_SHA2011,External health expenditure (EXT) as percentage of current health expenditure (CHE) (%),https://www.who.int/data/gho/data/indicators/indicator-details/GHO/external-health-expenditure-%28ext%29-as-percentage-of-current-health-expenditure-%28che%29-%28-%29,2020,2020,2020,EMR,Eastern Mediterranean,SDN,Sudan,,,,6.9,6.90,,
GHED_GGHE-D_pc_US_SHA2011,Domestic general government health expenditure (GGHE-D) per capita in US$,https://www.who.int/data/gho/data/indicators/indicator-details/GHO/domestic-general-government-health-expenditure-%28gghe-d%29-per-capita-in-us,2010,2010,2010,EMR,Eastern Mediterranean,SDN,Sudan,,,,24.9,24.90,,
GHED_OOP_pc_US_SHA2011,Out-of-pocket expenditure (OOP) per capita in US$,https://www.who.int/data/gho/data/indicators/indicator-details/GHO/out-of-pocket-expenditure-%28oop%29-per-capita-in-us,2018,2018,2018,EMR,Eastern Mediterranean,SDN,Sudan,,,,23.79,23.79,,
GHED_GGHE-D_pc_US_SHA2011,Domestic general government health expenditure (GGHE-D) per capita in US$,https://www.who.int/data/gho/data/indicators/indicator-details/GHO/domestic-general-government-health-expenditure-%28gghe-d%29-per-capita-in-us,2011,2011,2011,EMR,Eastern Mediterranean,SDN,Sudan,,,,19.09,19.09,,
GHED_GGHE-DGGE_SHA2011,Domestic general government health expenditure (GGHE-D) as percentage of general government expenditure (GGE) (%),https://www.who.int/data/gho/data/indicators/indicator-details/GHO/domestic-general-government-health-expenditure-%28gghe-d%29-as-percentage-of-general-government-expenditure-%28gge%29,2014,2014,2014,EMR,Eastern Mediterranean,SDN,Sudan,,,,10.62,10.62,,
GHED_CHEGDP_SHA2011,Current health expenditure (CHE) as percentage of gross domestic product (GDP) (%),https://www.who.int/data/gho/data/indicators/indicator-details/GHO/current-health-expenditure-%28che%29-as-percentage-of-gross-domestic-product-%28gdp%29-%28-%29,2006,2006,2006,EMR,Eastern Mediterranean,SDN,Sudan,,,,4.89,4.89,,
GHED_OOP_pc_US_SHA2011,Out-of-pocket expenditure (OOP) per capita in US$,https://www.who.int/data/gho/data/indicators/indicator-details/GHO/out-of-pocket-expenditure-%28oop%29-per-capita-in-us,2007,2007,2007,EMR,Eastern Mediterranean,SDN,Sudan,,,,49.29,49.29,,
GHED_EXTCHE_SHA2011,External health expenditure (EXT) as percentage of current health expenditure (CHE) (%),https://www.who.int/data/gho/data/indicators/indicator-details/GHO/external-health-expenditure-%28ext%29-as-percentage-of-current-health-expenditure-%28che%29-%28-%29,2001,2001,2001,EMR,Eastern Mediterranean,SDN,Sudan,,,,,,,
GHED_CHE_pc_US_SHA2011,Current health expenditure (CHE) per capita in US$,https://www.who.int/data/gho/data/indicators/indicator-details/GHO/current-health-expenditure-%28che%29-per-capita-in-us-dollar,2014,2014,2014,EMR,Eastern Mediterranean,SDN,Sudan,,,,93.15,93.15,,
GHED_GGHE-DGDP_SHA2011,Domestic general government health expenditure (GGHE-D) as percentage of gross domestic product (GDP) (%),https://www.who.int/data/gho/data/indicators/indicator-details/GHO/domestic-general-government-health-expenditure-%28gghe-d%29-as-percentage-of-gross-domestic-product-%28gdp%29-%28-%29,2019,2019,2019,EMR,Eastern Mediterranean,SDN,Sudan,,,,1.04,1.04,,
GHED_EXT_pc_US_SHA2011,External health expenditure (EXT) per capita in US$,https://www.who.int/data/gho/data/indicators/indicator-details/GHO/external-health-expenditure-%28ext%29-per-capita-in-us,2002,2002,2002,EMR,Eastern Mediterranean,SDN,Sudan,,,,,,,
GHED_EXTCHE_SHA2011,External health expenditure (EXT) as percentage of current health expenditure (CHE) (%),https://www.who.int/data/gho/data/indicators/indicator-details/GHO/external-health-expenditure-%28ext%29-as-percentage-of-current-health-expenditure-%28che%29-%28-%29,2016,2016,2016,EMR,Eastern Mediterranean,SDN,Sudan,,,,1.96,1.96,,
GHED_GGHE-DCHE_SHA2011,Domestic general government health expenditure (GGHE-D) as percentage of current health expenditure (CHE) (%),https://www.who.int/data/gho/data/indicators/indicator-details/GHO/domestic-general-government-health-expenditure-%28gche-d%29-as-percentage-of-current-health-expenditure,2019,2019,2019,EMR,Eastern Mediterranean,SDN,Sudan,,,,22.7,22.70,,
GHED_EXT_pc_US_SHA2011,External health expenditure (EXT) per capita in US$,https://www.who.int/data/gho/data/indicators/indicator-details/GHO/external-health-expenditure-%28ext%29-per-capita-in-us,2006,2006,2006,EMR,Eastern Mediterranean,SDN,Sudan,,,,2.62,2.62,,
GHED_GGHE-DCHE_SHA2011,Domestic general government health expenditure (GGHE-D) as percentage of current health expenditure (CHE) (%),https://www.who.int/data/gho/data/indicators/indicator-details/GHO/domestic-general-government-health-expenditure-%28gche-d%29-as-percentage-of-current-health-expenditure,2013,2013,2013,EMR,Eastern Mediterranean,SDN,Sudan,,,,16.54,16.54,,
GHED_GGHE-D_pc_US_SHA2011,Domestic general government health expenditure (GGHE-D) per capita in US$,https://www.who.int/data/gho/data/indicators/indicator-details/GHO/domestic-general-government-health-expenditure-%28gghe-d%29-per-capita-in-us,2001,2001,2001,EMR,Eastern Mediterranean,SDN,Sudan,,,,5.29,5.29,,
GHED_PVT-DCHE_SHA2011,Domestic private health expenditure (PVT-D) as percentage of current health expenditure (CHE) (%),https://www.who.int/data/gho/data/indicators/indicator-details/GHO/domestic-private-health-expenditure-%28pvt-d%29-as-percentage-of-current-health-expenditure-%28che%29-%28-%29,2017,2017,2017,EMR,Eastern Mediterranean,SDN,Sudan,,,,76.6,76.60,,
GHED_GGHE-DCHE_SHA2011,Domestic general government health expenditure (GGHE-D) as percentage of current health expenditure (CHE) (%),https://www.who.int/data/gho/data/indicators/indicator-details/GHO/domestic-general-government-health-expenditure-%28gche-d%29-as-percentage-of-current-health-expenditure,2008,2008,2008,EMR,Eastern Mediterranean,SDN,Sudan,,,,31.94,31.94,,
GHED_GGHE-D_pc_US_SHA2011,Domestic general government health expenditure (GGHE-D) per capita in US$,https://www.who.int/data/gho/data/indicators/indicator-details/GHO/domestic-general-government-health-expenditure-%28gghe-d%29-per-capita-in-us,2019,2019,2019,EMR,Eastern Mediterranean,SDN,Sudan,,,,8.06,8.06,,
GHED_GGHE-DCHE_SHA2011,Domestic general government health expenditure (GGHE-D) as percentage of current health expenditure (CHE) (%),https://www.who.int/data/gho/data/indicators/indicator-details/GHO/domestic-general-government-health-expenditure-%28gche-d%29-as-percentage-of-current-health-expenditure,2021,2021,2021,EMR,Eastern Mediterranean,SDN,Sudan,,,,27.05,27.05,,
GHED_OOPSCHE_SHA2011,Out-of-pocket expenditure as percentage of current health expenditure (CHE) (%),https://www.who.int/data/gho/data/indicators/indicator-details/GHO/out-of-pocket-expenditure-as-percentage-of-current-health-expenditure-%28che%29-%28-%29,2017,2017,2017,EMR,Eastern Mediterranean,SDN,Sudan,,,,72.55,72.55,,
GHED_EXT_pc_US_SHA2011,External health expenditure (EXT) per capita in US$,https://www.who.int/data/gho/data/indicators/indicator-details/GHO/external-health-expenditure-%28ext%29-per-capita-in-us,2017,2017,2017,EMR,Eastern Mediterranean,SDN,Sudan,,,,3.83,3.83,,
GHED_GGHE-DGGE_SHA2011,Domestic general government health expenditure (GGHE-D) as percentage of general government expenditure (GGE) (%),https://www.who.int/data/gho/data/indicators/indicator-details/GHO/domestic-general-government-health-expenditure-%28gghe-d%29-as-percentage-of-general-government-expenditure-%28gge%29,2004,2004,2004,EMR,Eastern Mediterranean,SDN,Sudan,,,,9.53,9.53,,
GHED_OOPSCHE_SHA2011,Out-of-pocket expenditure as percentage of current health expenditure (CHE) (%),https://www.who.int/data/gho/data/indicators/indicator-details/GHO/out-of-pocket-expenditure-as-percentage-of-current-health-expenditure-%28che%29-%28-%29,2004,2004,2004,EMR,Eastern Mediterranean,SDN,Sudan,,,,57.18,57.18,,
GHED_GGHE-DGDP_SHA2011,Domestic general government health expenditure (GGHE-D) as percentage of gross domestic product (GDP) (%),https://www.who.int/data/gho/data/indicators/indicator-details/GHO/domestic-general-government-health-expenditure-%28gghe-d%29-as-percentage-of-gross-domestic-product-%28gdp%29-%28-%29,2015,2015,2015,EMR,Eastern Mediterranean,SDN,Sudan,,,,0.82,0.82,,
GHED_OOP_pc_US_SHA2011,Out-of-pocket expenditure (OOP) per capita in US$,https://www.who.int/data/gho/data/indicators/indicator-details/GHO/out-of-pocket-expenditure-%28oop%29-per-capita-in-us,2010,2010,2010,EMR,Eastern Mediterranean,SDN,Sudan,,,,46.9,46.90,,
GHED_GGHE-DGDP_SHA2011,Domestic general government health expenditure (GGHE-D) as percentage of gross domestic product (GDP) (%),https://www.who.int/data/gho/data/indicators/indicator-details/GHO/domestic-general-government-health-expenditure-%28gghe-d%29-as-percentage-of-gross-domestic-product-%28gdp%29-%28-%29,2007,2007,2007,EMR,Eastern Mediterranean,SDN,Sudan,,,,2.05,2.05,,
GHED_EXTCHE_SHA2011,External health expenditure (EXT) as percentage of current health expenditure (CHE) (%),https://www.who.int/data/gho/data/indicators/indicator-details/GHO/external-health-expenditure-%28ext%29-as-percentage-of-current-health-expenditure-%28che%29-%28-%29,2013,2013,2013,EMR,Eastern Mediterranean,SDN,Sudan,,,,5.01,5.01,,
GHED_PVT-DCHE_SHA2011,Domestic private health expenditure (PVT-D) as percentage of current health expenditure (CHE) (%),https://www.who.int/data/gho/data/indicators/indicator-details/GHO/domestic-private-health-expenditure-%28pvt-d%29-as-percentage-of-current-health-expenditure-%28che%29-%28-%29,2018,2018,2018,EMR,Eastern Mediterranean,SDN,Sudan,,,,70.31,70.31,,
GHED_EXT_pc_US_SHA2011,External health expenditure (EXT) per capita in US$,https://www.who.int/data/gho/data/indicators/indicator-details/GHO/external-health-expenditure-%28ext%29-per-capita-in-us,2003,2003,2003,EMR,Eastern Mediterranean,SDN,Sudan,,,,0.35,0.35,,
GHED_EXTCHE_SHA2011,External health expenditure (EXT) as percentage of current health expenditure (CHE) (%),https://www.who.int/data/gho/data/indicators/indicator-details/GHO/external-health-expenditure-%28ext%29-as-percentage-of-current-health-expenditure-%28che%29-%28-%29,2000,2000,2000,EMR,Eastern Mediterranean,SDN,Sudan,,,,,,,
GHED_PVT-D_pc_US_SHA2011,Domestic private health expenditure (PVT-D) per capita in US$,https://www.who.int/data/gho/data/indicators/indicator-details/GHO/domestic-private-health-expenditure-%28pvt-d%29-per-capita-in-usd,2021,2021,2021,EMR,Eastern Mediterranean,SDN,Sudan,,,,13.5,13.50,,
GHED_PVT-D_pc_US_SHA2011,Domestic private health expenditure (PVT-D) per capita in US$,https://www.who.int/data/gho/data/indicators/indicator-details/GHO/domestic-private-health-expenditure-%28pvt-d%29-per-capita-in-usd,2003,2003,2003,EMR,Eastern Mediterranean,SDN,Sudan,,,,15.61,15.61,,
GHED_GGHE-DGDP_SHA2011,Domestic general government health expenditure (GGHE-D) as percentage of gross domestic product (GDP) (%),https://www.who.int/data/gho/data/indicators/indicator-details/GHO/domestic-general-government-health-expenditure-%28gghe-d%29-as-percentage-of-gross-domestic-product-%28gdp%29-%28-%29,2009,2009,2009,EMR,Eastern Mediterranean,SDN,Sudan,,,,2.63,2.63,,
GHED_EXTCHE_SHA2011,External health expenditure (EXT) as percentage of current health expenditure (CHE) (%),https://www.who.int/data/gho/data/indicators/indicator-details/GHO/external-health-expenditure-%28ext%29-as-percentage-of-current-health-expenditure-%28che%29-%28-%29,2019,2019,2019,EMR,Eastern Mediterranean,SDN,Sudan,,,,6.54,6.54,,
GHED_PVT-D_pc_US_SHA2011,Domestic private health expenditure (PVT-D) per capita in US$,https://www.who.int/data/gho/data/indicators/indicator-details/GHO/domestic-private-health-expenditure-%28pvt-d%29-per-capita-in-usd,2011,2011,2011,EMR,Eastern Mediterranean,SDN,Sudan,,,,57.85,57.85,,
GHED_GGHE-DGDP_SHA2011,Domestic general government health expenditure (GGHE-D) as percentage of gross domestic product (GDP) (%),https://www.who.int/data/gho/data/indicators/indicator-details/GHO/domestic-general-government-health-expenditure-%28gghe-d%29-as-percentage-of-gross-domestic-product-%28gdp%29-%28-%29,2012,2012,2012,EMR,Eastern Mediterranean,SDN,Sudan,,,,1.49,1.49,,
GHED_EXTCHE_SHA2011,External health expenditure (EXT) as percentage of current health expenditure (CHE) (%),https://www.who.int/data/gho/data/indicators/indicator-details/GHO/external-health-expenditure-%28ext%29-as-percentage-of-current-health-expenditure-%28che%29-%28-%29,2003,2003,2003,EMR,Eastern Mediterranean,SDN,Sudan,,,,1.48,1.48,,
GHED_OOPSCHE_SHA2011,Out-of-pocket expenditure as percentage of current health expenditure (CHE) (%),https://www.who.int/data/gho/data/indicators/indicator-details/GHO/out-of-pocket-expenditure-as-percentage-of-current-health-expenditure-%28che%29-%28-%29,2020,2020,2020,EMR,Eastern Mediterranean,SDN,Sudan,,,,52.96,52.96,,
GHED_CHEGDP_SHA2011,Current health expenditure (CHE) as percentage of gross domestic product (GDP) (%),https://www.who.int/data/gho/data/indicators/indicator-details/GHO/current-health-expenditure-%28che%29-as-percentage-of-gross-domestic-product-%28gdp%29-%28-%29,2016,2016,2016,EMR,Eastern Mediterranean,SDN,Sudan,,,,5.68,5.68,,
GHED_PVT-DCHE_SHA2011,Domestic private health expenditure (PVT-D) as percentage of current health expenditure (CHE) (%),https://www.who.int/data/gho/data/indicators/indicator-details/GHO/domestic-private-health-expenditure-%28pvt-d%29-as-percentage-of-current-health-expenditure-%28che%29-%28-%29,2000,2000,2000,EMR,Eastern Mediterranean,SDN,Sudan,,,,66.17,66.17,,
GHED_CHEGDP_SHA2011,Current health expenditure (CHE) as percentage of gross domestic product (GDP) (%),https://www.who.int/data/gho/data/indicators/indicator-details/GHO/current-health-expenditure-%28che%29-as-percentage-of-gross-domestic-product-%28gdp%29-%28-%29,2012,2012,2012,EMR,Eastern Mediterranean,SDN,Sudan,,,,5.69,5.69,,
GHED_GGHE-DGGE_SHA2011,Domestic general government health expenditure (GGHE-D) as percentage of general government expenditure (GGE) (%),https://www.who.int/data/gho/data/indicators/indicator-details/GHO/domestic-general-government-health-expenditure-%28gghe-d%29-as-percentage-of-general-government-expenditure-%28gge%29,2012,2012,2012,EMR,Eastern Mediterranean,SDN,Sudan,,,,9.06,9.06,,
GHED_OOPSCHE_SHA2011,Out-of-pocket expenditure as percentage of current health expenditure (CHE) (%),https://www.who.int/data/gho/data/indicators/indicator-details/GHO/out-of-pocket-expenditure-as-percentage-of-current-health-expenditure-%28che%29-%28-%29,2018,2018,2018,EMR,Eastern Mediterranean,SDN,Sudan,,,,66.95,66.95,,
GHED_CHE_pc_US_SHA2011,Current health expenditure (CHE) per capita in US$,https://www.who.int/data/gho/data/indicators/indicator-details/GHO/current-health-expenditure-%28che%29-per-capita-in-us-dollar,2007,2007,2007,EMR,Eastern Mediterranean,SDN,Sudan,,,,84.98,84.98,,
GHED_OOP_pc_US_SHA2011,Out-of-pocket expenditure (OOP) per capita in US$,https://www.who.int/data/gho/data/indicators/indicator-details/GHO/out-of-pocket-expenditure-%28oop%29-per-capita-in-us,2005,2005,2005,EMR,Eastern Mediterranean,SDN,Sudan,,,,21.15,21.15,,
GHED_EXT_pc_US_SHA2011,External health expenditure (EXT) per capita in US$,https://www.who.int/data/gho/data/indicators/indicator-details/GHO/external-health-expenditure-%28ext%29-per-capita-in-us,2012,2012,2012,EMR,Eastern Mediterranean,SDN,Sudan,,,,3.4,3.40,,
GHED_OOP_pc_US_SHA2011,Out-of-pocket expenditure (OOP) per capita in US$,https://www.who.int/data/gho/data/indicators/indicator-details/GHO/out-of-pocket-expenditure-%28oop%29-per-capita-in-us,2011,2011,2011,EMR,Eastern Mediterranean,SDN,Sudan,,,,55.09,55.09,,
GHED_GGHE-D_pc_US_SHA2011,Domestic general government health expenditure (GGHE-D) per capita in US$,https://www.who.int/data/gho/data/indicators/indicator-details/GHO/domestic-general-government-health-expenditure-%28gghe-d%29-per-capita-in-us,2021,2021,2021,EMR,Eastern Mediterranean,SDN,Sudan,,,,5.84,5.84,,
GHED_GGHE-DGDP_SHA2011,Domestic general government health expenditure (GGHE-D) as percentage of gross domestic product (GDP) (%),https://www.who.int/data/gho/data/indicators/indicator-details/GHO/domestic-general-government-health-expenditure-%28gghe-d%29-as-percentage-of-gross-domestic-product-%28gdp%29-%28-%29,2000,2000,2000,EMR,Eastern Mediterranean,SDN,Sudan,,,,1.22,1.22,,
GHED_OOPSCHE_SHA2011,Out-of-pocket expenditure as percentage of current health expenditure (CHE) (%),https://www.who.int/data/gho/data/indicators/indicator-details/GHO/out-of-pocket-expenditure-as-percentage-of-current-health-expenditure-%28che%29-%28-%29,2002,2002,2002,EMR,Eastern Mediterranean,SDN,Sudan,,,,61.42,61.42,,
GHED_EXT_pc_US_SHA2011,External health expenditure (EXT) per capita in US$,https://www.who.int/data/gho/data/indicators/indicator-details/GHO/external-health-expenditure-%28ext%29-per-capita-in-us,2001,2001,2001,EMR,Eastern Mediterranean,SDN,Sudan,,,,,,,
GHED_OOPSCHE_SHA2011,Out-of-pocket expenditure as percentage of current health expenditure (CHE) (%),https://www.who.int/data/gho/data/indicators/indicator-details/GHO/out-of-pocket-expenditure-as-percentage-of-current-health-expenditure-%28che%29-%28-%29,2013,2013,2013,EMR,Eastern Mediterranean,SDN,Sudan,,,,74.83,74.83,,
GHED_PVT-D_pc_US_SHA2011,Domestic private health expenditure (PVT-D) per capita in US$,https://www.who.int/data/gho/data/indicators/indicator-details/GHO/domestic-private-health-expenditure-%28pvt-d%29-per-capita-in-usd,2007,2007,2007,EMR,Eastern Mediterranean,SDN,Sudan,,,,51.94,51.94,,
GHED_GGHE-DGGE_SHA2011,Domestic general government health expenditure (GGHE-D) as percentage of general government expenditure (GGE) (%),https://www.who.int/data/gho/data/indicators/indicator-details/GHO/domestic-general-government-health-expenditure-%28gghe-d%29-as-percentage-of-general-government-expenditure-%28gge%29,2017,2017,2017,EMR,Eastern Mediterranean,SDN,Sudan,,,,8.32,8.32,,
GHED_GGHE-DGGE_SHA2011,Domestic general government health expenditure (GGHE-D) as percentage of general government expenditure (GGE) (%),https://www.who.int/data/gho/data/indicators/indicator-details/GHO/domestic-general-government-health-expenditure-%28gghe-d%29-as-percentage-of-general-government-expenditure-%28gge%29,2013,2013,2013,EMR,Eastern Mediterranean,SDN,Sudan,,,,7.52,7.52,,
GHED_OOPSCHE_SHA2011,Out-of-pocket expenditure as percentage of current health expenditure (CHE) (%),https://www.who.int/data/gho/data/indicators/indicator-details/GHO/out-of-pocket-expenditure-as-percentage-of-current-health-expenditure-%28che%29-%28-%29,2001,2001,2001,EMR,Eastern Mediterranean,SDN,Sudan,,,,62.28,62.28,,
GHED_EXT_pc_US_SHA2011,External health expenditure (EXT) per capita in US$,https://www.who.int/data/gho/data/indicators/indicator-details/GHO/external-health-expenditure-%28ext%29-per-capita-in-us,2013,2013,2013,EMR,Eastern Mediterranean,SDN,Sudan,,,,5.13,5.13,,
GHED_PVT-DCHE_SHA2011,Domestic private health expenditure (PVT-D) as percentage of current health expenditure (CHE) (%),https://www.who.int/data/gho/data/indicators/indicator-details/GHO/domestic-private-health-expenditure-%28pvt-d%29-as-percentage-of-current-health-expenditure-%28che%29-%28-%29,2019,2019,2019,EMR,Eastern Mediterranean,SDN,Sudan,,,,70.75,70.75,,
GHED_CHE_pc_US_SHA2011,Current health expenditure (CHE) per capita in US$,https://www.who.int/data/gho/data/indicators/indicator-details/GHO/current-health-expenditure-%28che%29-per-capita-in-us-dollar,2020,2020,2020,EMR,Eastern Mediterranean,SDN,Sudan,,,,23.34,23.34,,
GHED_CHEGDP_SHA2011,Current health expenditure (CHE) as percentage of gross domestic product (GDP) (%),https://www.who.int/data/gho/data/indicators/indicator-details/GHO/current-health-expenditure-%28che%29-as-percentage-of-gross-domestic-product-%28gdp%29-%28-%29,2019,2019,2019,EMR,Eastern Mediterranean,SDN,Sudan,,,,4.57,4.57,,
GHED_GGHE-DGGE_SHA2011,Domestic general government health expenditure (GGHE-D) as percentage of general government expenditure (GGE) (%),https://www.who.int/data/gho/data/indicators/indicator-details/GHO/domestic-general-government-health-expenditure-%28gghe-d%29-as-percentage-of-general-government-expenditure-%28gge%29,2019,2019,2019,EMR,Eastern Mediterranean,SDN,Sudan,,,,5.56,5.56,,
GHED_PVT-D_pc_US_SHA2011,Domestic private health expenditure (PVT-D) per capita in US$,https://www.who.int/data/gho/data/indicators/indicator-details/GHO/domestic-private-health-expenditure-%28pvt-d%29-per-capita-in-usd,2014,2014,2014,EMR,Eastern Mediterranean,SDN,Sudan,,,,66.17,66.17,,
GHED_GGHE-DCHE_SHA2011,Domestic general government health expenditure (GGHE-D) as percentage of current health expenditure (CHE) (%),https://www.who.int/data/gho/data/indicators/indicator-details/GHO/domestic-general-government-health-expenditure-%28gche-d%29-as-percentage-of-current-health-expenditure,2007,2007,2007,EMR,Eastern Mediterranean,SDN,Sudan,,,,36.19,36.19,,
GHED_PVT-D_pc_US_SHA2011,Domestic private health expenditure (PVT-D) per capita in US$,https://www.who.int/data/gho/data/indicators/indicator-details/GHO/domestic-private-health-expenditure-%28pvt-d%29-per-capita-in-usd,2017,2017,2017,EMR,Eastern Mediterranean,SDN,Sudan,,,,54.49,54.49,,
GHED_OOPSCHE_SHA2011,Out-of-pocket expenditure as percentage of current health expenditure (CHE) (%),https://www.who.int/data/gho/data/indicators/indicator-details/GHO/out-of-pocket-expenditure-as-percentage-of-current-health-expenditure-%28che%29-%28-%29,2008,2008,2008,EMR,Eastern Mediterranean,SDN,Sudan,,,,62.4,62.40,,
GHED_GGHE-DGGE_SHA2011,Domestic general government health expenditure (GGHE-D) as percentage of general government expenditure (GGE) (%),https://www.who.int/data/gho/data/indicators/indicator-details/GHO/domestic-general-government-health-expenditure-%28gghe-d%29-as-percentage-of-general-government-expenditure-%28gge%29,2003,2003,2003,EMR,Eastern Mediterranean,SDN,Sudan,,,,10.07,10.07,,
GHED_OOP_pc_US_SHA2011,Out-of-pocket expenditure (OOP) per capita in US$,https://www.who.int/data/gho/data/indicators/indicator-details/GHO/out-of-pocket-expenditure-%28oop%29-per-capita-in-us,2002,2002,2002,EMR,Eastern Mediterranean,SDN,Sudan,,,,10.73,10.73,,
GHED_GGHE-DCHE_SHA2011,Domestic general government health expenditure (GGHE-D) as percentage of current health expenditure (CHE) (%),https://www.who.int/data/gho/data/indicators/indicator-details/GHO/domestic-general-government-health-expenditure-%28gche-d%29-as-percentage-of-current-health-expenditure,2004,2004,2004,EMR,Eastern Mediterranean,SDN,Sudan,,,,37.85,37.85,,
GHED_PVT-DCHE_SHA2011,Domestic private health expenditure (PVT-D) as percentage of current health expenditure (CHE) (%),https://www.who.int/data/gho/data/indicators/indicator-details/GHO/domestic-private-health-expenditure-%28pvt-d%29-as-percentage-of-current-health-expenditure-%28che%29-%28-%29,2010,2010,2010,EMR,Eastern Mediterranean,SDN,Sudan,,,,64.44,64.44,,
GHED_OOPSCHE_SHA2011,Out-of-pocket expenditure as percentage of current health expenditure (CHE) (%),https://www.who.int/data/gho/data/indicators/indicator-details/GHO/out-of-pocket-expenditure-as-percentage-of-current-health-expenditure-%28che%29-%28-%29,2016,2016,2016,EMR,Eastern Mediterranean,SDN,Sudan,,,,71.19,71.19,,
GHED_CHE_pc_US_SHA2011,Current health expenditure (CHE) per capita in US$,https://www.who.int/data/gho/data/indicators/indicator-details/GHO/current-health-expenditure-%28che%29-per-capita-in-us-dollar,2019,2019,2019,EMR,Eastern Mediterranean,SDN,Sudan,,,,35.51,35.51,,
GHED_EXT_pc_US_SHA2011,External health expenditure (EXT) per capita in US$,https://www.who.int/data/gho/data/indicators/indicator-details/GHO/external-health-expenditure-%28ext%29-per-capita-in-us,2005,2005,2005,EMR,Eastern Mediterranean,SDN,Sudan,,,,1.04,1.04,,
GHED_GGHE-DGGE_SHA2011,Domestic general government health expenditure (GGHE-D) as percentage of general government expenditure (GGE) (%),https://www.who.int/data/gho/data/indicators/indicator-details/GHO/domestic-general-government-health-expenditure-%28gghe-d%29-as-percentage-of-general-government-expenditure-%28gge%29,2016,2016,2016,EMR,Eastern Mediterranean,SDN,Sudan,,,,12.93,12.93,,
GHED_CHE_pc_US_SHA2011,Current health expenditure (CHE) per capita in US$,https://www.who.int/data/gho/data/indicators/indicator-details/GHO/current-health-expenditure-%28che%29-per-capita-in-us-dollar,2001,2001,2001,EMR,Eastern Mediterranean,SDN,Sudan,,,,15.86,15.86,,
GHED_CHEGDP_SHA2011,Current health expenditure (CHE) as percentage of gross domestic product (GDP) (%),https://www.who.int/data/gho/data/indicators/indicator-details/GHO/current-health-expenditure-%28che%29-as-percentage-of-gross-domestic-product-%28gdp%29-%28-%29,2004,2004,2004,EMR,Eastern Mediterranean,SDN,Sudan,,,,4.16,4.16,,
GHED_CHEGDP_SHA2011,Current health expenditure (CHE) as percentage of gross domestic product (GDP) (%),https://www.who.int/data/gho/data/indicators/indicator-details/GHO/current-health-expenditure-%28che%29-as-percentage-of-gross-domestic-product-%28gdp%29-%28-%29,2007,2007,2007,EMR,Eastern Mediterranean,SDN,Sudan,,,,5.66,5.66,,
GHED_GGHE-DGGE_SHA2011,Domestic general government health expenditure (GGHE-D) as percentage of general government expenditure (GGE) (%),https://www.who.int/data/gho/data/indicators/indicator-details/GHO/domestic-general-government-health-expenditure-%28gghe-d%29-as-percentage-of-general-government-expenditure-%28gge%29,2009,2009,2009,EMR,Eastern Mediterranean,SDN,Sudan,,,,14.02,14.02,,
GHED_OOPSCHE_SHA2011,Out-of-pocket expenditure as percentage of current health expenditure (CHE) (%),https://www.who.int/data/gho/data/indicators/indicator-details/GHO/out-of-pocket-expenditure-as-percentage-of-current-health-expenditure-%28che%29-%28-%29,2000,2000,2000,EMR,Eastern Mediterranean,SDN,Sudan,,,,61.82,61.82,,
GHED_OOPSCHE_SHA2011,Out-of-pocket expenditure as percentage of current health expenditure (CHE) (%),https://www.who.int/data/gho/data/indicators/indicator-details/GHO/out-of-pocket-expenditure-as-percentage-of-current-health-expenditure-%28che%29-%28-%29,2015,2015,2015,EMR,Eastern Mediterranean,SDN,Sudan,,,,79.4,79.40,,
GHED_GGHE-DGDP_SHA2011,Domestic general government health expenditure (GGHE-D) as percentage of gross domestic product (GDP) (%),https://www.who.int/data/gho/data/indicators/indicator-details/GHO/domestic-general-government-health-expenditure-%28gghe-d%29-as-percentage-of-gross-domestic-product-%28gdp%29-%28-%29,2013,2013,2013,EMR,Eastern Mediterranean,SDN,Sudan,,,,1.15,1.15,,
GHED_GGHE-DGDP_SHA2011,Domestic general government health expenditure (GGHE-D) as percentage of gross domestic product (GDP) (%),https://www.who.int/data/gho/data/indicators/indicator-details/GHO/domestic-general-government-health-expenditure-%28gghe-d%29-as-percentage-of-gross-domestic-product-%28gdp%29-%28-%29,2006,2006,2006,EMR,Eastern Mediterranean,SDN,Sudan,,,,1.78,1.78,,
GHED_CHEGDP_SHA2011,Current health expenditure (CHE) as percentage of gross domestic product (GDP) (%),https://www.who.int/data/gho/data/indicators/indicator-details/GHO/current-health-expenditure-%28che%29-as-percentage-of-gross-domestic-product-%28gdp%29-%28-%29,2000,2000,2000,EMR,Eastern Mediterranean,SDN,Sudan,,,,3.61,3.61,,
GHED_GGHE-D_pc_US_SHA2011,Domestic general government health expenditure (GGHE-D) per capita in US$,https://www.who.int/data/gho/data/indicators/indicator-details/GHO/domestic-general-government-health-expenditure-%28gghe-d%29-per-capita-in-us,2012,2012,2012,EMR,Eastern Mediterranean,SDN,Sudan,,,,20.79,20.79,,
GHED_GGHE-D_pc_US_SHA2011,Domestic general government health expenditure (GGHE-D) per capita in US$,https://www.who.int/data/gho/data/indicators/indicator-details/GHO/domestic-general-government-health-expenditure-%28gghe-d%29-per-capita-in-us,2016,2016,2016,EMR,Eastern Mediterranean,SDN,Sudan,,,,21.25,21.25,,
GHED_EXTCHE_SHA2011,External health expenditure (EXT) as percentage of current health expenditure (CHE) (%),https://www.who.int/data/gho/data/indicators/indicator-details/GHO/external-health-expenditure-%28ext%29-as-percentage-of-current-health-expenditure-%28che%29-%28-%29,2007,2007,2007,EMR,Eastern Mediterranean,SDN,Sudan,,,,2.68,2.68,,
GHED_OOPSCHE_SHA2011,Out-of-pocket expenditure as percentage of current health expenditure (CHE) (%),https://www.who.int/data/gho/data/indicators/indicator-details/GHO/out-of-pocket-expenditure-as-percentage-of-current-health-expenditure-%28che%29-%28-%29,2010,2010,2010,EMR,Eastern Mediterranean,SDN,Sudan,,,,61.31,61.31,,
GHED_OOP_pc_US_SHA2011,Out-of-pocket expenditure (OOP) per capita in US$,https://www.who.int/data/gho/data/indicators/indicator-details/GHO/out-of-pocket-expenditure-%28oop%29-per-capita-in-us,2008,2008,2008,EMR,Eastern Mediterranean,SDN,Sudan,,,,53.66,53.66,,
GHED_GGHE-DGDP_SHA2011,Domestic general government health expenditure (GGHE-D) as percentage of gross domestic product (GDP) (%),https://www.who.int/data/gho/data/indicators/indicator-details/GHO/domestic-general-government-health-expenditure-%28gghe-d%29-as-percentage-of-gross-domestic-product-%28gdp%29-%28-%29,2001,2001,2001,EMR,Eastern Mediterranean,SDN,Sudan,,,,1.12,1.12,,
GHED_CHE_pc_US_SHA2011,Current health expenditure (CHE) per capita in US$,https://www.who.int/data/gho/data/indicators/indicator-details/GHO/current-health-expenditure-%28che%29-per-capita-in-us-dollar,2011,2011,2011,EMR,Eastern Mediterranean,SDN,Sudan,,,,83.55,83.55,,
GHED_OOPSCHE_SHA2011,Out-of-pocket expenditure as percentage of current health expenditure (CHE) (%),https://www.who.int/data/gho/data/indicators/indicator-details/GHO/out-of-pocket-expenditure-as-percentage-of-current-health-expenditure-%28che%29-%28-%29,2007,2007,2007,EMR,Eastern Mediterranean,SDN,Sudan,,,,58.0,58.00,,
GHED_GGHE-DGGE_SHA2011,Domestic general government health expenditure (GGHE-D) as percentage of general government expenditure (GGE) (%),https://www.who.int/data/gho/data/indicators/indicator-details/GHO/domestic-general-government-health-expenditure-%28gghe-d%29-as-percentage-of-general-government-expenditure-%28gge%29,2010,2010,2010,EMR,Eastern Mediterranean,SDN,Sudan,,,,9.49,9.49,,
GHED_EXTCHE_SHA2011,External health expenditure (EXT) as percentage of current health expenditure (CHE) (%),https://www.who.int/data/gho/data/indicators/indicator-details/GHO/external-health-expenditure-%28ext%29-as-percentage-of-current-health-expenditure-%28che%29-%28-%29,2014,2014,2014,EMR,Eastern Mediterranean,SDN,Sudan,,,,3.69,3.69,,
GHED_GGHE-D_pc_US_SHA2011,Domestic general government health expenditure (GGHE-D) per capita in US$,https://www.who.int/data/gho/data/indicators/indicator-details/GHO/domestic-general-government-health-expenditure-%28gghe-d%29-per-capita-in-us,2017,2017,2017,EMR,Eastern Mediterranean,SDN,Sudan,,,,12.82,12.82,,
GHED_OOPSCHE_SHA2011,Out-of-pocket expenditure as percentage of current health expenditure (CHE) (%),https://www.who.int/data/gho/data/indicators/indicator-details/GHO/out-of-pocket-expenditure-as-percentage-of-current-health-expenditure-%28che%29-%28-%29,2005,2005,2005,EMR,Eastern Mediterranean,SDN,Sudan,,,,54.63,54.63,,
GHED_EXTCHE_SHA2011,External health expenditure (EXT) as percentage of current health expenditure (CHE) (%),https://www.who.int/data/gho/data/indicators/indicator-details/GHO/external-health-expenditure-%28ext%29-as-percentage-of-current-health-expenditure-%28che%29-%28-%29,2005,2005,2005,EMR,Eastern Mediterranean,SDN,Sudan,,,,2.68,2.68,,
GHED_GGHE-DGDP_SHA2011,Domestic general government health expenditure (GGHE-D) as percentage of gross domestic product (GDP) (%),https://www.who.int/data/gho/data/indicators/indicator-details/GHO/domestic-general-government-health-expenditure-%28gghe-d%29-as-percentage-of-gross-domestic-product-%28gdp%29-%28-%29,2005,2005,2005,EMR,Eastern Mediterranean,SDN,Sudan,,,,1.6,1.60,,
GHED_GGHE-D_pc_US_SHA2011,Domestic general government health expenditure (GGHE-D) per capita in US$,https://www.who.int/data/gho/data/indicators/indicator-details/GHO/domestic-general-government-health-expenditure-%28gghe-d%29-per-capita-in-us,2007,2007,2007,EMR,Eastern Mediterranean,SDN,Sudan,,,,30.76,30.76,,
GHED_EXT_pc_US_SHA2011,External health expenditure (EXT) per capita in US$,https://www.who.int/data/gho/data/indicators/indicator-details/GHO/external-health-expenditure-%28ext%29-per-capita-in-us,2018,2018,2018,EMR,Eastern Mediterranean,SDN,Sudan,,,,2.28,2.28,,
GHED_GGHE-DGGE_SHA2011,Domestic general government health expenditure (GGHE-D) as percentage of general government expenditure (GGE) (%),https://www.who.int/data/gho/data/indicators/indicator-details/GHO/domestic-general-government-health-expenditure-%28gghe-d%29-as-percentage-of-general-government-expenditure-%28gge%29,2001,2001,2001,EMR,Eastern Mediterranean,SDN,Sudan,,,,11.37,11.37,,
GHED_CHE_pc_US_SHA2011,Current health expenditure (CHE) per capita in US$,https://www.who.int/data/gho/data/indicators/indicator-details/GHO/current-health-expenditure-%28che%29-per-capita-in-us-dollar,2002,2002,2002,EMR,Eastern Mediterranean,SDN,Sudan,,,,17.47,17.47,,
GHED_PVT-D_pc_US_SHA2011,Domestic private health expenditure (PVT-D) per capita in US$,https://www.who.int/data/gho/data/indicators/indicator-details/GHO/domestic-private-health-expenditure-%28pvt-d%29-per-capita-in-usd,2009,2009,2009,EMR,Eastern Mediterranean,SDN,Sudan,,,,45.9,45.90,,
GHED_EXT_pc_US_SHA2011,External health expenditure (EXT) per capita in US$,https://www.who.int/data/gho/data/indicators/indicator-details/GHO/external-health-expenditure-%28ext%29-per-capita-in-us,2021,2021,2021,EMR,Eastern Mediterranean,SDN,Sudan,,,,2.25,2.25,,
GHED_CHE_pc_US_SHA2011,Current health expenditure (CHE) per capita in US$,https://www.who.int/data/gho/data/indicators/indicator-details/GHO/current-health-expenditure-%28che%29-per-capita-in-us-dollar,2012,2012,2012,EMR,Eastern Mediterranean,SDN,Sudan,,,,79.19,79.19,,
GHED_PVT-D_pc_US_SHA2011,Domestic private health expenditure (PVT-D) per capita in US$,https://www.who.int/data/gho/data/indicators/indicator-details/GHO/domestic-private-health-expenditure-%28pvt-d%29-per-capita-in-usd,2020,2020,2020,EMR,Eastern Mediterranean,SDN,Sudan,,,,13.76,13.76,,
GHED_GGHE-D_pc_US_SHA2011,Domestic general government health expenditure (GGHE-D) per capita in US$,https://www.who.int/data/gho/data/indicators/indicator-details/GHO/domestic-general-government-health-expenditure-%28gghe-d%29-per-capita-in-us,2015,2015,2015,EMR,Eastern Mediterranean,SDN,Sudan,,,,13.95,13.95,,
GHED_GGHE-DCHE_SHA2011,Domestic general government health expenditure (GGHE-D) as percentage of current health expenditure (CHE) (%),https://www.who.int/data/gho/data/indicators/indicator-details/GHO/domestic-general-government-health-expenditure-%28gche-d%29-as-percentage-of-current-health-expenditure,2018,2018,2018,EMR,Eastern Mediterranean,SDN,Sudan,,,,23.28,23.28,,
GHED_EXTCHE_SHA2011,External health expenditure (EXT) as percentage of current health expenditure (CHE) (%),https://www.who.int/data/gho/data/indicators/indicator-details/GHO/external-health-expenditure-%28ext%29-as-percentage-of-current-health-expenditure-%28che%29-%28-%29,2015,2015,2015,EMR,Eastern Mediterranean,SDN,Sudan,,,,2.02,2.02,,
GHED_CHEGDP_SHA2011,Current health expenditure (CHE) as percentage of gross domestic product (GDP) (%),https://www.who.int/data/gho/data/indicators/indicator-details/GHO/current-health-expenditure-%28che%29-as-percentage-of-gross-domestic-product-%28gdp%29-%28-%29,2011,2011,2011,EMR,Eastern Mediterranean,SDN,Sudan,,,,5.62,5.62,,
GHED_OOP_pc_US_SHA2011,Out-of-pocket expenditure (OOP) per capita in US$,https://www.who.int/data/gho/data/indicators/indicator-details/GHO/out-of-pocket-expenditure-%28oop%29-per-capita-in-us,2020,2020,2020,EMR,Eastern Mediterranean,SDN,Sudan,,,,12.36,12.36,,
GHED_OOP_pc_US_SHA2011,Out-of-pocket expenditure (OOP) per capita in US$,https://www.who.int/data/gho/data/indicators/indicator-details/GHO/out-of-pocket-expenditure-%28oop%29-per-capita-in-us,2001,2001,2001,EMR,Eastern Mediterranean,SDN,Sudan,,,,9.88,9.88,,
GHED_GGHE-DGDP_SHA2011,Domestic general government health expenditure (GGHE-D) as percentage of gross domestic product (GDP) (%),https://www.who.int/data/gho/data/indicators/indicator-details/GHO/domestic-general-government-health-expenditure-%28gghe-d%29-as-percentage-of-gross-domestic-product-%28gdp%29-%28-%29,2011,2011,2011,EMR,Eastern Mediterranean,SDN,Sudan,,,,1.28,1.28,,
GHED_GGHE-DGGE_SHA2011,Domestic general government health expenditure (GGHE-D) as percentage of general government expenditure (GGE) (%),https://www.who.int/data/gho/data/indicators/indicator-details/GHO/domestic-general-government-health-expenditure-%28gghe-d%29-as-percentage-of-general-government-expenditure-%28gge%29,2000,2000,2000,EMR,Eastern Mediterranean,SDN,Sudan,,,,11.77,11.77,,
GHED_PVT-DCHE_SHA2011,Domestic private health expenditure (PVT-D) as percentage of current health expenditure (CHE) (%),https://www.who.int/data/gho/data/indicators/indicator-details/GHO/domestic-private-health-expenditure-%28pvt-d%29-as-percentage-of-current-health-expenditure-%28che%29-%28-%29,2021,2021,2021,EMR,Eastern Mediterranean,SDN,Sudan,,,,62.54,62.54,,
GHED_GGHE-DCHE_SHA2011,Domestic general government health expenditure (GGHE-D) as percentage of current health expenditure (CHE) (%),https://www.who.int/data/gho/data/indicators/indicator-details/GHO/domestic-general-government-health-expenditure-%28gche-d%29-as-percentage-of-current-health-expenditure,2002,2002,2002,EMR,Eastern Mediterranean,SDN,Sudan,,,,34.2,34.20,,
GHED_PVT-DCHE_SHA2011,Domestic private health expenditure (PVT-D) as percentage of current health expenditure (CHE) (%),https://www.who.int/data/gho/data/indicators/indicator-details/GHO/domestic-private-health-expenditure-%28pvt-d%29-as-percentage-of-current-health-expenditure-%28che%29-%28-%29,2007,2007,2007,EMR,Eastern Mediterranean,SDN,Sudan,,,,61.13,61.13,,
GHED_CHE_pc_US_SHA2011,Current health expenditure (CHE) per capita in US$,https://www.who.int/data/gho/data/indicators/indicator-details/GHO/current-health-expenditure-%28che%29-per-capita-in-us-dollar,2016,2016,2016,EMR,Eastern Mediterranean,SDN,Sudan,,,,93.67,93.67,,
GHED_CHE_pc_US_SHA2011,Current health expenditure (CHE) per capita in US$,https://www.who.int/data/gho/data/indicators/indicator-details/GHO/current-health-expenditure-%28che%29-per-capita-in-us-dollar,2005,2005,2005,EMR,Eastern Mediterranean,SDN,Sudan,,,,38.72,38.72,,
GHED_GGHE-DCHE_SHA2011,Domestic general government health expenditure (GGHE-D) as percentage of current health expenditure (CHE) (%),https://www.who.int/data/gho/data/indicators/indicator-details/GHO/domestic-general-government-health-expenditure-%28gche-d%29-as-percentage-of-current-health-expenditure,2011,2011,2011,EMR,Eastern Mediterranean,SDN,Sudan,,,,22.84,22.84,,
GHED_PVT-D_pc_US_SHA2011,Domestic private health expenditure (PVT-D) per capita in US$,https://www.who.int/data/gho/data/indicators/indicator-details/GHO/domestic-private-health-expenditure-%28pvt-d%29-per-capita-in-usd,2012,2012,2012,EMR,Eastern Mediterranean,SDN,Sudan,,,,55.0,55.00,,
GHED_OOPSCHE_SHA2011,Out-of-pocket expenditure as percentage of current health expenditure (CHE) (%),https://www.who.int/data/gho/data/indicators/indicator-details/GHO/out-of-pocket-expenditure-as-percentage-of-current-health-expenditure-%28che%29-%28-%29,2021,2021,2021,EMR,Eastern Mediterranean,SDN,Sudan,,,,56.86,56.86,,
GHED_OOP_pc_US_SHA2011,Out-of-pocket expenditure (OOP) per capita in US$,https://www.who.int/data/gho/data/indicators/indicator-details/GHO/out-of-pocket-expenditure-%28oop%29-per-capita-in-us,2009,2009,2009,EMR,Eastern Mediterranean,SDN,Sudan,,,,43.61,43.61,,
GHED_PVT-DCHE_SHA2011,Domestic private health expenditure (PVT-D) as percentage of current health expenditure (CHE) (%),https://www.who.int/data/gho/data/indicators/indicator-details/GHO/domestic-private-health-expenditure-%28pvt-d%29-as-percentage-of-current-health-expenditure-%28che%29-%28-%29,2009,2009,2009,EMR,Eastern Mediterranean,SDN,Sudan,,,,55.23,55.23,,
GHED_PVT-DCHE_SHA2011,Domestic private health expenditure (PVT-D) as percentage of current health expenditure (CHE) (%),https://www.who.int/data/gho/data/indicators/indicator-details/GHO/domestic-private-health-expenditure-%28pvt-d%29-as-percentage-of-current-health-expenditure-%28che%29-%28-%29,2006,2006,2006,EMR,Eastern Mediterranean,SDN,Sudan,,,,59.08,59.08,,
GHED_OOPSCHE_SHA2011,Out-of-pocket expenditure as percentage of current health expenditure (CHE) (%),https://www.who.int/data/gho/data/indicators/indicator-details/GHO/out-of-pocket-expenditure-as-percentage-of-current-health-expenditure-%28che%29-%28-%29,2011,2011,2011,EMR,Eastern Mediterranean,SDN,Sudan,,,,65.93,65.93,,
GHED_CHE_pc_US_SHA2011,Current health expenditure (CHE) per capita in US$,https://www.who.int/data/gho/data/indicators/indicator-details/GHO/current-health-expenditure-%28che%29-per-capita-in-us-dollar,2008,2008,2008,EMR,Eastern Mediterranean,SDN,Sudan,,,,85.99,85.99,,
GHED_GGHE-D_pc_US_SHA2011,Domestic general government health expenditure (GGHE-D) per capita in US$,https://www.who.int/data/gho/data/indicators/indicator-details/GHO/domestic-general-government-health-expenditure-%28gghe-d%29-per-capita-in-us,2003,2003,2003,EMR,Eastern Mediterranean,SDN,Sudan,,,,7.67,7.67,,
GHED_GGHE-DCHE_SHA2011,Domestic general government health expenditure (GGHE-D) as percentage of current health expenditure (CHE) (%),https://www.who.int/data/gho/data/indicators/indicator-details/GHO/domestic-general-government-health-expenditure-%28gche-d%29-as-percentage-of-current-health-expenditure,2001,2001,2001,EMR,Eastern Mediterranean,SDN,Sudan,,,,33.33,33.33,,
GHED_CHEGDP_SHA2011,Current health expenditure (CHE) as percentage of gross domestic product (GDP) (%),https://www.who.int/data/gho/data/indicators/indicator-details/GHO/current-health-expenditure-%28che%29-as-percentage-of-gross-domestic-product-%28gdp%29-%28-%29,2021,2021,2021,EMR,Eastern Mediterranean,SDN,Sudan,,,,2.84,2.84,,
GHED_GGHE-D_pc_US_SHA2011,Domestic general government health expenditure (GGHE-D) per capita in US$,https://www.who.int/data/gho/data/indicators/indicator-details/GHO/domestic-general-government-health-expenditure-%28gghe-d%29-per-capita-in-us,2002,2002,2002,EMR,Eastern Mediterranean,SDN,Sudan,,,,5.98,5.98,,
GHED_GGHE-D_pc_US_SHA2011,Domestic general government health expenditure (GGHE-D) per capita in US$,https://www.who.int/data/gho/data/indicators/indicator-details/GHO/domestic-general-government-health-expenditure-%28gghe-d%29-per-capita-in-us,2008,2008,2008,EMR,Eastern Mediterranean,SDN,Sudan,,,,27.46,27.46,,
GHED_PVT-DCHE_SHA2011,Domestic private health expenditure (PVT-D) as percentage of current health expenditure (CHE) (%),https://www.who.int/data/gho/data/indicators/indicator-details/GHO/domestic-private-health-expenditure-%28pvt-d%29-as-percentage-of-current-health-expenditure-%28che%29-%28-%29,2020,2020,2020,EMR,Eastern Mediterranean,SDN,Sudan,,,,58.93,58.93,,
GHED_OOP_pc_US_SHA2011,Out-of-pocket expenditure (OOP) per capita in US$,https://www.who.int/data/gho/data/indicators/indicator-details/GHO/out-of-pocket-expenditure-%28oop%29-per-capita-in-us,2013,2013,2013,EMR,Eastern Mediterranean,SDN,Sudan,,,,76.6,76.60,,
GHED_GGHE-DGDP_SHA2011,Domestic general government health expenditure (GGHE-D) as percentage of gross domestic product (GDP) (%),https://www.who.int/data/gho/data/indicators/indicator-details/GHO/domestic-general-government-health-expenditure-%28gghe-d%29-as-percentage-of-gross-domestic-product-%28gdp%29-%28-%29,2003,2003,2003,EMR,Eastern Mediterranean,SDN,Sudan,,,,1.26,1.26,,
GHED_CHE_pc_US_SHA2011,Current health expenditure (CHE) per capita in US$,https://www.who.int/data/gho/data/indicators/indicator-details/GHO/current-health-expenditure-%28che%29-per-capita-in-us-dollar,2004,2004,2004,EMR,Eastern Mediterranean,SDN,Sudan,,,,30.63,30.63,,
GHED_GGHE-DGGE_SHA2011,Domestic general government health expenditure (GGHE-D) as percentage of general government expenditure (GGE) (%),https://www.who.int/data/gho/data/indicators/indicator-details/GHO/domestic-general-government-health-expenditure-%28gghe-d%29-as-percentage-of-general-government-expenditure-%28gge%29,2007,2007,2007,EMR,Eastern Mediterranean,SDN,Sudan,,,,10.47,10.47,,
GHED_GGHE-DGDP_SHA2011,Domestic general government health expenditure (GGHE-D) as percentage of gross domestic product (GDP) (%),https://www.who.int/data/gho/data/indicators/indicator-details/GHO/domestic-general-government-health-expenditure-%28gghe-d%29-as-percentage-of-gross-domestic-product-%28gdp%29-%28-%29,2010,2010,2010,EMR,Eastern Mediterranean,SDN,Sudan,,,,1.65,1.65,,
GHED_OOP_pc_US_SHA2011,Out-of-pocket expenditure (OOP) per capita in US$,https://www.who.int/data/gho/data/indicators/indicator-details/GHO/out-of-pocket-expenditure-%28oop%29-per-capita-in-us,2000,2000,2000,EMR,Eastern Mediterranean,SDN,Sudan,,,,9.03,9.03,,
GHED_GGHE-DGDP_SHA2011,Domestic general government health expenditure (GGHE-D) as percentage of gross domestic product (GDP) (%),https://www.who.int/data/gho/data/indicators/indicator-details/GHO/domestic-general-government-health-expenditure-%28gghe-d%29-as-percentage-of-gross-domestic-product-%28gdp%29-%28-%29,2018,2018,2018,EMR,Eastern Mediterranean,SDN,Sudan,,,,1.04,1.04,,
GHED_GGHE-DCHE_SHA2011,Domestic general government health expenditure (GGHE-D) as percentage of current health expenditure (CHE) (%),https://www.who.int/data/gho/data/indicators/indicator-details/GHO/domestic-general-government-health-expenditure-%28gche-d%29-as-percentage-of-current-health-expenditure,2020,2020,2020,EMR,Eastern Mediterranean,SDN,Sudan,,,,34.18,34.18,,
GHED_GGHE-DGGE_SHA2011,Domestic general government health expenditure (GGHE-D) as percentage of general government expenditure (GGE) (%),https://www.who.int/data/gho/data/indicators/indicator-details/GHO/domestic-general-government-health-expenditure-%28gghe-d%29-as-percentage-of-general-government-expenditure-%28gge%29,2021,2021,2021,EMR,Eastern Mediterranean,SDN,Sudan,,,,7.86,7.86,,
GHED_GGHE-DCHE_SHA2011,Domestic general government health expenditure (GGHE-D) as percentage of current health expenditure (CHE) (%),https://www.who.int/data/gho/data/indicators/indicator-details/GHO/domestic-general-government-health-expenditure-%28gche-d%29-as-percentage-of-current-health-expenditure,2009,2009,2009,EMR,Eastern Mediterranean,SDN,Sudan,,,,41.12,41.12,,
GHED_PVT-DCHE_SHA2011,Domestic private health expenditure (PVT-D) as percentage of current health expenditure (CHE) (%),https://www.who.int/data/gho/data/indicators/indicator-details/GHO/domestic-private-health-expenditure-%28pvt-d%29-as-percentage-of-current-health-expenditure-%28che%29-%28-%29,2002,2002,2002,EMR,Eastern Mediterranean,SDN,Sudan,,,,65.8,65.80,,
GHED_PVT-D_pc_US_SHA2011,Domestic private health expenditure (PVT-D) per capita in US$,https://www.who.int/data/gho/data/indicators/indicator-details/GHO/domestic-private-health-expenditure-%28pvt-d%29-per-capita-in-usd,2004,2004,2004,EMR,Eastern Mediterranean,SDN,Sudan,,,,18.61,18.61,,
GHED_OOP_pc_US_SHA2011,Out-of-pocket expenditure (OOP) per capita in US$,https://www.who.int/data/gho/data/indicators/indicator-details/GHO/out-of-pocket-expenditure-%28oop%29-per-capita-in-us,2012,2012,2012,EMR,Eastern Mediterranean,SDN,Sudan,,,,51.83,51.83,,
GHED_GGHE-DGGE_SHA2011,Domestic general government health expenditure (GGHE-D) as percentage of general government expenditure (GGE) (%),https://www.who.int/data/gho/data/indicators/indicator-details/GHO/domestic-general-government-health-expenditure-%28gghe-d%29-as-percentage-of-general-government-expenditure-%28gge%29,2011,2011,2011,EMR,Eastern Mediterranean,SDN,Sudan,,,,7.04,7.04,,
GHED_CHEGDP_SHA2011,Current health expenditure (CHE) as percentage of gross domestic product (GDP) (%),https://www.who.int/data/gho/data/indicators/indicator-details/GHO/current-health-expenditure-%28che%29-as-percentage-of-gross-domestic-product-%28gdp%29-%28-%29,2003,2003,2003,EMR,Eastern Mediterranean,SDN,Sudan,,,,3.89,3.89,,
GHED_CHE_pc_US_SHA2011,Current health expenditure (CHE) per capita in US$,https://www.who.int/data/gho/data/indicators/indicator-details/GHO/current-health-expenditure-%28che%29-per-capita-in-us-dollar,2010,2010,2010,EMR,Eastern Mediterranean,SDN,Sudan,,,,76.49,76.49,,
GHED_OOPSCHE_SHA2011,Out-of-pocket expenditure as percentage of current health expenditure (CHE) (%),https://www.who.int/data/gho/data/indicators/indicator-details/GHO/out-of-pocket-expenditure-as-percentage-of-current-health-expenditure-%28che%29-%28-%29,2014,2014,2014,EMR,Eastern Mediterranean,SDN,Sudan,,,,67.03,67.03,,
GHED_EXT_pc_US_SHA2011,External health expenditure (EXT) per capita in US$,https://www.who.int/data/gho/data/indicators/indicator-details/GHO/external-health-expenditure-%28ext%29-per-capita-in-us,2016,2016,2016,EMR,Eastern Mediterranean,SDN,Sudan,,,,1.84,1.84,,
GHED_CHEGDP_SHA2011,Current health expenditure (CHE) as percentage of gross domestic product (GDP) (%),https://www.who.int/data/gho/data/indicators/indicator-details/GHO/current-health-expenditure-%28che%29-as-percentage-of-gross-domestic-product-%28gdp%29-%28-%29,2013,2013,2013,EMR,Eastern Mediterranean,SDN,Sudan,,,,6.96,6.96,,
GHED_OOP_pc_US_SHA2011,Out-of-pocket expenditure (OOP) per capita in US$,https://www.who.int/data/gho/data/indicators/indicator-details/GHO/out-of-pocket-expenditure-%28oop%29-per-capita-in-us,2015,2015,2015,EMR,Eastern Mediterranean,SDN,Sudan,,,,78.01,78.01,,
GHED_GGHE-DGDP_SHA2011,Domestic general government health expenditure (GGHE-D) as percentage of gross domestic product (GDP) (%),https://www.who.int/data/gho/data/indicators/indicator-details/GHO/domestic-general-government-health-expenditure-%28gghe-d%29-as-percentage-of-gross-domestic-product-%28gdp%29-%28-%29,2002,2002,2002,EMR,Eastern Mediterranean,SDN,Sudan,,,,1.13,1.13,,
GHED_CHE_pc_US_SHA2011,Current health expenditure (CHE) per capita in US$,https://www.who.int/data/gho/data/indicators/indicator-details/GHO/current-health-expenditure-%28che%29-per-capita-in-us-dollar,2015,2015,2015,EMR,Eastern Mediterranean,SDN,Sudan,,,,98.25,98.25,,
GHED_OOPSCHE_SHA2011,Out-of-pocket expenditure as percentage of current health expenditure (CHE) (%),https://www.who.int/data/gho/data/indicators/indicator-details/GHO/out-of-pocket-expenditure-as-percentage-of-current-health-expenditure-%28che%29-%28-%29,2019,2019,2019,EMR,Eastern Mediterranean,SDN,Sudan,,,,67.37,67.37,,
GHED_PVT-D_pc_US_SHA2011,Domestic private health expenditure (PVT-D) per capita in US$,https://www.who.int/data/gho/data/indicators/indicator-details/GHO/domestic-private-health-expenditure-%28pvt-d%29-per-capita-in-usd,2000,2000,2000,EMR,Eastern Mediterranean,SDN,Sudan,,,,9.67,9.67,,
